cik,start_date,end_date,label
0000791182,19951228,19981228,1
0001010086,20100916,20130916,1
0001143566,20060528,20090528,1
1464423,19980323,20010323,0
862716,19990321,20020321,0
811596,20090311,20120311,0
1344596,20020707,20050707,0
1099590,20160121,20190121,0
1472215,20000520,20030520,0
1411207,20071214,20101214,0
723188,20001001,20031001,0
922341,20160313,20190313,0
1021162,19951201,19981201,0
0000801550,19990825,20020825,1
1575965,19961206,19991206,0
39677,19971220,20001220,0
74208,19961206,19991206,0
103379,20000201,20030201,0
1275214,19990610,20020610,0
1322652,20110115,20140115,0
1396446,20020202,20050202,0
795800,19860115,19890115,0
1420525,19970131,20000131,0
95953,20120916,20150916,0
876437,20150610,20180610,0
1065332,20150807,20180807,0
915773,20110308,20140308,0
937136,20070427,20100427,0
1362988,20011214,20041214,0
0001084573,19990619,20020619,1
1009626,19960202,19990202,0
0000826253,20010627,20040627,1
711377,19961005,19991005,0
1344154,20030711,20060711,0
0000701374,20050613,20080613,1
1057689,20070526,20100526,0
0000875620,19931130,19961130,1
919893,20051029,20081029,0
108312,19980124,20010124,0
1308208,20141015,20171015,0
1076481,20041215,20071215,0
1187520,20070201,20100201,0
1564822,20030123,20060123,0
1021061,20010207,20040207,0
1518832,19951228,19981228,0
1022321,20120605,20150605,0
0001054748,19970406,20000406,1
12659,19970302,20000302,0
818851,20041106,20071106,0
833040,20061231,20091231,0
1097149,20081106,20111106,0
1049502,20031207,20061207,0
1165231,19910516,19940516,0
1319161,20041231,20071231,0
1001902,20030425,20060425,0
1100364,20041118,20071118,0
1408356,20020214,20050214,0
0001487920,20110317,20140317,1
0000876320,19960125,19990125,1
320335,19951201,19981201,0
7694,20101205,20131205,0
0000882970,19931230,19961230,1
216228,20061101,20091101,0
921847,20150724,20180724,0
913760,20060430,20090430,0
29534,20131211,20161211,0
0001060531,19980124,20010124,1
1338613,20131013,20161013,0
5094,20041107,20071107,0
100885,20080415,20110415,0
0001140586,20060305,20090305,1
0001311230; 0001555667,20130802,20160802,1
799850,20150129,20180129,0
1077866,20130830,20160830,0
0000093308,19911227,19941227,1
1050743,20061230,20091230,0
722723,20050416,20080416,0
719733,19980603,20010603,0
873303,20100806,20130806,0
1017907,20080803,20110803,0
39899,20030514,20060514,0
0000878230,19980925,20010925,1
1485176,20101110,20131110,0
0000005588; 0000817647,19960110,19990110,1
1522727,20071004,20101004,0
1172052,20130606,20160606,0
0000088095,20021015,20051015,1
1501103,20070211,20100211,0
898293,19940202,19970202,0
0001140298,20040515,20070515,1
0001093207,20130813,20160813,1
30822,20050209,20080209,0
276889,20070428,20100428,0
0000819480,19990617,20020617,1
1332551,20040623,20070623,0
0001328792,19980625,20010625,1
804116,20111110,20141110,0
1138817,19980805,20010805,0
868725,20050513,20080513,0
1118237,19980124,20010124,0
1512931,20000930,20030930,0
1011835,20160209,20190209,0
1100441,20080803,20110803,0
826675,19911030,19941030,0
1562463,19970111,20000111,0
855612,20110115,20140115,0
912767,20070815,20100815,0
880460,19910516,19940516,0
1575828,19990715,20020715,0
1329361,19920321,19950321,0
1398987,19980523,20010523,0
833640,20050126,20080126,0
1050007,19980430,20010430,0
1098574,20101110,20131110,0
0000092339,20050825,20080825,1
0000090357,19940810,19970810,1
40533,20070815,20100815,0
909832,20130110,20160110,0
1342958,20041126,20071126,0
46080,20010611,20040611,0
1045810,20051014,20081014,0
895450,20040326,20070326,0
878088,19920924,19950924,0
1283699,20091031,20121031,0
36029,20160510,20190510,0
1469392,20110204,20140204,0
1305197,20011102,20041102,0
1093902,20151215,20181215,0
1362481,20160510,20190510,0
1025996,20041118,20071118,0
872448,20130816,20160816,0
1011570,20101110,20131110,0
1340736,19970430,20000430,0
1372020,19970515,20000515,0
1263762,20010908,20040908,0
872064,19990321,20020321,0
1060391,19990310,20020310,0
0001004967,19961229,19991229,1
11544,20160415,20190415,0
69633,20160514,20190514,0
1031203,20070215,20100215,0
829750,20000201,20030201,0
0000799097,20031126,20061126,1
1122342,20160414,20190414,0
1108134,19970111,20000111,0
64472,20090617,20120617,0
0000771729,20070215,20100215,1
0001476170,20130412,20160412,1
1067294,19970201,20000201,0
1399249,20040417,20070417,0
1392179,20041205,20071205,0
1452575,20041031,20071031,0
944868,20160310,20190310,0
1188303,19950622,19980622,0
7332,19970807,20000807,0
1144519,20021015,20051015,0
0000922471,19980729,20010729,1
0001030108,19970111,20000111,1
0001013740,19970926,20000926,1
1108320,20050105,20080105,0
1073475,19970201,20000201,0
70866,19980306,20010306,0
790528,20111229,20141229,0
1041577,20050303,20080303,0
1068002,20050513,20080513,0
1077618,20120224,20150224,0
808047,20150904,20180904,0
1471265,20060414,20090414,0
1320375,20160514,20190514,0
1159281,19931130,19961130,0
819220,20080316,20110316,0
817516,19971120,20001120,0
1487371,20050311,20080311,0
883237,20150807,20180807,0
1056386,20070708,20100708,0
827165,20000914,20030914,0
899051,20110205,20140205,0
930184,20040810,20070810,0
896400,20110104,20140104,0
91882,20050331,20080331,0
1411158,20050330,20080330,0
351569,19931105,19961105,0
1487990,20110212,20140212,0
1374756,19981018,20011018,0
0001024452,20080415,20110415,1
0001499832; 0000913015,20060301,20090301,1
883945,20110723,20140723,0
1477156,20031207,20061207,0
0001208261,20150217,20180217,1
1166928,20150811,20180811,0
824463,20041205,20071205,0
766704,20160329,20190329,0
72573,20050915,20080915,0
0000922404,19990721,20020721,1
895456,20010929,20040929,0
793524,19970928,20000928,0
1009891,20041219,20071219,0
67716,19981031,20011031,0
1547994,19951201,19981201,0
79732,20040314,20070314,0
791963,20010926,20040926,0
883412,19970305,20000305,0
0001103764,20041010,20071010,1
0001122051,20121115,20151115,1
91142,19970418,20000418,0
1070081,20010228,20040228,0
78128,19991017,20021017,0
1501364,19991216,20021216,0
0000811596,19980212,20010212,1
67625,20111208,20141208,0
0000892142,19940401,19970401,1
1585689,19980308,20010308,0
93451,20120518,20150518,0
1180079,20041205,20071205,0
0001352045,20050716,20080716,1
811156,20070304,20100304,0
1281761,20071215,20101215,0
1043337,20001015,20031015,0
1030206,20150916,20180916,0
0000760497,20010228,20040228,1
1551040,19910203,19940203,0
1018946,20040129,20070129,0
1193558,19951228,19981228,0
0001097181,20041205,20071205,1
0001112424,20030514,20060514,1
1347384,20160514,20190514,0
1029199,20030427,20060427,0
890393,20110115,20140115,0
1513789,19981231,20011231,0
0001171825; 0000020388,20051101,20081101,1
1312206,20110818,20140818,0
1022225,20110826,20140826,0
1469606,20130912,20160912,0
14803,20040623,20070623,0
866706,20160414,20190414,0
1386369,20050713,20080713,0
946823,20070215,20100215,0
0001393066,20050416,20080416,1
1436549,19970418,20000418,0
892482,20081119,20111119,0
1051114,20010908,20040908,0
1295664,20121014,20151014,0
0001594361,20160511,20190511,1
0001003114,19990928,20020928,1
916789,19981114,20011114,0
1018005,20110205,20140205,0
0000084919,20060817,20090817,1
1575599,19960404,19990404,0
20629,19970302,20000302,0
1267130,20151112,20181112,0
0000859475,20080104,20110104,1
1265572,20130920,20160920,0
0001080558,19970116,20000116,1
0000026780,20020303,20050303,1
0001562594,20120127,20150127,1
1278211,20041229,20071229,0
1165002,20070708,20100708,0
1401564,20040613,20070613,0
97210,20041229,20071229,0
1367083,20160416,20190416,0
0001340744,20051111,20081111,1
797721,20030806,20060806,0
0000092827,20000520,20030520,1
1118417,19970515,20000515,0
765207,20130122,20160122,0
1181249,20050819,20080819,0
1222719,19991119,20021119,0
789019,20010519,20040519,0
1050797,19950810,19980810,0
1059341,20040805,20070805,0
849998,20060702,20090702,0
1085621,19980430,20010430,0
832101,20120315,20150315,0
1378590,19900805,19930805,0
0000793937,19940113,19970113,1
0001268471,20030711,20060711,1
0000054681,20130514,20160514,1
1162862,19981211,20011211,0
1490013,20130110,20160110,0
1581908,19990310,20020310,0
1391137,19911030,19941030,0
0001288359,20090324,20120324,1
1479750,19930930,19960930,0
352825,20050416,20080416,0
0001176325,20090503,20120503,1
0000079424,20001001,20031001,1
715072,19990721,20020721,0
82811,19960222,19990222,0
1289505,19980308,20010308,0
0001045309,19970402,20000402,1
0000925660,19970703,20000703,1
1084717,20050331,20080331,0
1484478,20061007,20091007,0
317540,20050617,20080617,0
904163,20130122,20160122,0
1333513,20050310,20080310,0
0000839441; 0001086210,20081217,20111217,1
59440,19990724,20020724,0
948072,20050714,20080714,0
0001108951,20020109,20050109,1
888411,20080801,20110801,0
787251,20040515,20070515,0
314203,20050316,20080316,0
14846,20110204,20140204,0
1094285,19960307,19990307,0
0001293310,20111229,20141229,1
0000945379,19990715,20020715,1
906013,19981118,20011118,0
1046203,20160305,20190305,0
1578776,20080214,20110214,0
0000866491,19970806,20000806,1
0001455965,20081213,20111213,1
855237,20120504,20150504,0
0000805012,20060729,20090729,1
0000948844,20050702,20080702,1
0001071645,19970424,20000424,1
21344,20010517,20040517,0
844965,20040611,20070611,0
1224370,20080104,20110104,0
1041379,19970808,20000808,0
786035,19960405,19990405,0
812090,20040604,20070604,0
1005010,19991208,20021208,0
1334978,20120208,20150208,0
0000910394,19990205,20020205,1
837465,20021101,20051101,0
846671,20070427,20100427,0
1022926,19971102,20001102,0
0000019392; 0001091667,20050327,20080327,1
718937,19961129,19991129,0
0001310067; 0000056824; 0001229206,20141015,20171015,1
863894,20120725,20150725,0
225263,20110623,20140623,0
1126140,20120401,20150401,0
0000320174,20120523,20150523,1
1001039,20050513,20080513,0
0001230355,20101112,20131112,1
7789,19990815,20020815,0
35083,20010926,20040926,0
1076939,20050302,20080302,0
1342514,20000123,20030123,0
902791,20090909,20120909,0
783280,19940312,19970312,0
0001390072,20160313,20190313,1
352947,20060115,20090115,0
0000918581,20130409,20160409,1
1087783,20060108,20090108,0
0000943655,20050626,20080626,1
1578932,20070429,20100429,0
0000320575,20160301,20190301,1
0001030339,20050513,20080513,1
1320492,20040308,20070308,0
707605,20090128,20120128,0
1091862,19991031,20021031,0
42228,20000930,20030930,0
0001163968,20020307,20050307,1
1546640,20151112,20181112,0
0000853529,19920712,19950712,1
879101,19990120,20020120,0
790070,20060211,20090211,0
65873,19970814,20000814,0
351077,20060916,20090916,0
1267602,20131129,20161129,0
795403,20130116,20160116,0
0001175636,20050326,20080326,1
0000930735,19990629,20020629,1
0001265572,20150430,20180430,1
900724,20111231,20141231,0
1399542,19990514,20020514,0
0001022080,20050212,20080212,1
909724,20071215,20101215,0
1091748,20111229,20141229,0
54473,20041110,20071110,0
1022438,19941021,19971021,0
1581164,20070708,20100708,0
790051,19970208,20000208,0
0001360849,20041113,20071113,1
1007587,20021129,20051129,0
1139650,20010506,20040506,0
1517130,20110204,20140204,0
1470683,20051028,20081028,0
1094005,20111229,20141229,0
1008848,20041205,20071205,0
16058,19981127,20011127,0
97196,20031227,20061227,0
0001034072,19990627,20020627,1
708821,20010615,20040615,0
850460,20011107,20041107,0
1158463,20041231,20071231,0
1141185,20080809,20110809,0
711065,20031114,20061114,0
1429260,19960922,19990922,0
1323854,20041105,20071105,0
70684,20031114,20061114,0
1510599,19990514,20020514,0
0001201259,20041219,20071219,1
0000011860,19971015,20001015,1
0001385228,20120501,20150501,1
1038363,19981004,20011004,0
879826,19990514,20020514,0
1285785,19971019,20001019,0
1168455,19970105,20000105,0
1438133,19961005,19991005,0
1378946,19990502,20020502,0
1536035,20100916,20130916,0
855683,20010803,20040803,0
1578987,20031018,20061018,0
1407185,20030214,20060214,0
783325,19950212,19980212,0
1547903,20050413,20080413,0
81157,20160416,20190416,0
1045609,20070315,20100315,0
29905,19990715,20020715,0
61398,20050623,20080623,0
1244183,20000203,20030203,0
928022,19930110,19960110,0
0000719241; 0001224608,19981217,20011217,1
1407038,19980604,20010604,0
921082,20020918,20050918,0
0000874501,20061108,20091108,1
916230,20071018,20101018,0
1368582,20080119,20110119,0
1024452,19980308,20010308,0
1124804,20030112,20060112,0
85961,20130409,20160409,0
0000940510,20070216,20100216,1
1181024,20030302,20060302,0
1001903,20110818,20140818,0
1124887,19971114,20001114,0
1064728,20040424,20070424,0
1167470,20041015,20071015,0
1475841,20110104,20140104,0
0000811664,19950212,19980212,1
103145,20040425,20070425,0
108772,20130514,20160514,0
1276591,20070824,20100824,0
40545,20050928,20080928,0
1340652,20120516,20150516,0
1486299,20050219,20080219,0
898444,19980220,20010220,0
859796,20151112,20181112,0
0001037737,19970427,20000427,1
0001029738,20021129,20051129,1
1279493,20070304,20100304,0
0000844887,20110806,20140806,1
0001016607,20040911,20070911,1
1311131,20030403,20060403,0
1063537,20141015,20171015,0
105016,20050707,20080707,0
835324,19960405,19990405,0
1137019,19900817,19930817,0
868611,20001001,20031001,0
1031927,20120224,20150224,0
917491,20050320,20080320,0
1095291,20020707,20050707,0
879407,20050825,20080825,0
1293310,20070516,20100516,0
1284529,19981218,20011218,0
0000869486,19970807,20000807,1
0001065059,20100305,20130305,1
106040,19971018,20001018,0
1224133,20041013,20071013,0
79163,19990815,20020815,0
0001493526,20011102,20041102,1
0000923899,19980124,20010124,1
1321268,19971113,20001113,0
773141,19980206,20010206,0
1575515,19990601,20020601,0
917100,19960720,19990720,0
1001838,19970924,20000924,0
80661,20041201,20071201,0
1161935,20030207,20060207,0
790730,20021101,20051101,0
1498021,19971011,20001011,0
742685,20150129,20180129,0
1335236,20160413,20190413,0
706688,19960922,19990922,0
0000070578,19980306,20010306,1
1320695,19990519,20020519,0
804753,20030425,20060425,0
1347815,20010611,20040611,0
1074771,19940911,19970911,0
920112,19880204,19910204,0
88941,20050112,20080112,0
1346830,19960915,19990915,0
923796,20160415,20190415,0
0001109189,20121025,20151025,1
0000002145,20070526,20100526,1
1287668,20040810,20070810,0
1405495,20041201,20071201,0
1001606,19970201,20000201,0
21076,20111110,20141110,0
1049521,19940629,19970629,0
1391127,20111015,20141015,0
1366246,20060430,20090430,0
0001065253,19970717,20000717,1
809844,20140810,20170810,0
880117,20051101,20081101,0
895126,20010914,20040914,0
1182325,19971211,20001211,0
949158,20080104,20110104,0
0000852952,19990601,20020601,1
1138118,19970330,20000330,0
77182,19960720,19990720,0
0001000368,20050623,20080623,1
1067092,20130116,20160116,0
69671,20160310,20190310,0
1213037,20071215,20101215,0
1364100,20031207,20061207,0
875751,19990514,20020514,0
1075607,19990514,20020514,0
1009759,19900722,19930722,0
897419,20010803,20040803,0
0001091596,20120126,20150126,1
1382941,19980625,20010625,0
1321746,20080316,20110316,0
885601,20050716,20080716,0
30573,20091003,20121003,0
922358,20050803,20080803,0
1045742,19990321,20020321,0
1338065,19980308,20010308,0
1543643,19980124,20010124,0
814184,20080829,20110829,0
813779,20130322,20160322,0
1088436,20011102,20041102,0
63276,20101112,20131112,0
314808,20050405,20080405,0
835729,20090723,20120723,0
1033012,19961213,19991213,0
745732,20151208,20181208,0
1430306,20050206,20080206,0
278130,20031030,20061030,0
1437107,20111103,20141103,0
1441848,20040902,20070902,0
0001068292,19981213,20011213,1
43196,20000130,20030130,0
883975,20110818,20140818,0
0001326200,20100421,20130421,1
0000841054,19980307,20010307,1
0000006260,19971019,20001019,1
0001011509,20050112,20080112,1
1065696,20040220,20070220,0
1131072,20130912,20160912,0
1513761,19981231,20011231,0
749935,20050818,20080818,0
1066134,20050212,20080212,0
354190,20051230,20081230,0
49826,19980215,20010215,0
928658,20160301,20190301,0
0001208833,20050219,20080219,1
0001100395,20010624,20040624,1
0000841866,20031227,20061227,1
945841,20090723,20120723,0
0001124608,20110809,20140809,1
932696,20000329,20030329,0
0001046986,20131129,20161129,1
30697,20081106,20111106,0
913341,19990220,20020220,0
0000785814,19960202,19990202,1
51253,20010506,20040506,0
1419581,19950122,19980122,0
1042729,20041110,20071110,0
0001099217; 0001099218,20031018,20061018,1
0000015486,20140816,20170816,1
918160,19990310,20020310,0
1477032,19951220,19981220,0
890196,20130821,20160821,0
1024725,19970222,20000222,0
864559,20130104,20160104,0
1431897,20041113,20071113,0
894405,19971018,20001018,0
0001044434,20011214,20041214,1
1584207,19940309,19970309,0
1299969,19970515,20000515,0
872835,20041201,20071201,0
0000912241,20050316,20080316,1
353191,20050316,20080316,0
1302246,19931006,19961006,0
1389170,19970430,20000430,0
1407437,19901123,19931123,0
1485933,20081119,20111119,0
0000858155,20070520,20100520,1
0001071760,20141221,20171221,1
1561627,20020303,20050303,0
1032208,20041126,20071126,0
1120193,19990320,20020320,0
0000064472,19960511,19990511,1
1528849,20020707,20050707,0
0001393883,19990214,20020214,1
78749,19950113,19980113,0
1287701,20041031,20071031,0
1289945,19921025,19951025,0
911635,20081114,20111114,0
0001051985,20040819,20070819,1
916183,20101023,20131023,0
1338360,19900721,19930721,0
1556593,19970807,20000807,0
1201663,19990620,20020620,0
0000902053,19990729,20020729,1
1253689,20080702,20110702,0
1285819,20050331,20080331,0
1004434,19950729,19980729,0
1383441,20020303,20050303,0
1289490,19981217,20011217,0
1104349,20041105,20071105,0
1070698,20041105,20071105,0
764065,20060315,20090315,0
1301236,19970424,20000424,0
19446,20050702,20080702,0
1339553,20040417,20070417,0
1253986,20100210,20130210,0
1512077,19970806,20000806,0
1393744,20030112,20060112,0
1046050,20051025,20081025,0
1161448,19971011,20001011,0
931702,19960202,19990202,0
1547158,20091230,20121230,0
923118,20040611,20070611,0
886206,20070928,20100928,0
0000911626,20010111,20040111,1
1067701,20131207,20161207,0
1109345,20140129,20170129,0
1163165,20160401,20190401,0
0000872867,19980224,20010224,1
784977,20160301,20190301,0
0000862885,19900805,19930805,1
1137091,19870606,19900606,0
1305014,19981202,20011202,0
71691,19970820,20000820,0
216085,19981202,20011202,0
1265316,20110204,20140204,0
727510,20110623,20140623,0
318154,19970921,20000921,0
1102643,20030425,20060425,0
1311596,20041201,20071201,0
894242,19960719,19990719,0
1293971,19990219,20020219,0
0001283016,20000903,20030903,1
703351,20060511,20090511,0
757011,20051115,20081115,0
857855,20031030,20061030,0
1800,20001214,20031214,0
1069183,19991031,20021031,0
0000935724,20071123,20101123,1
866368,20040407,20070407,0
1001718,20041201,20071201,0
749251,20041202,20071202,0
16918,19921025,19951025,0
0001084722,19980822,20010822,1
858629,19980729,20010729,0
0001133598,20030123,20060123,1
1062780,19990514,20020514,0
1339605,19990304,20020304,0
1016281,20010701,20040701,0
0000923020,19950622,19980622,1
1264587,19960808,19990808,0
879169,20061101,20091101,0
817473,20120509,20150509,0
795665,20011016,20041016,0
1304280,20000329,20030329,0
30625,20010914,20040914,0
807863,19980903,20010903,0
0001097002,19990320,20020320,1
1493594,20070121,20100121,0
0001171017,20050901,20080901,1
1163932,20001214,20031214,0
0000863893,20010701,20040701,1
1365216,20070216,20100216,0
1172852,20090617,20120617,0
1288855,20130131,20160131,0
0001357615,19991216,20021216,1
1164863,20110623,20140623,0
1476045,20050615,20080615,0
719209,19970322,20000322,0
0001131806; 0001069450,20001006,20031006,1
1313730,20041010,20071010,0
1232863,20041110,20071110,0
350403,19960125,19990125,0
0000869494,19990514,20020514,1
0000810208,20081221,20111221,1
1063561,19990320,20020320,0
1057058,20000201,20030201,0
0001434842,20130122,20160122,1
314489,20110312,20140312,0
1363829,19970302,20000302,0
1415277,19940401,19970401,0
1018979,20100618,20130618,0
1581990,20100411,20130411,0
1075415,20140715,20170715,0
0000316672,20010803,20040803,1
28917,19990131,20020131,0
1275477,19980509,20010509,0
105668,20090324,20120324,0
1378453,20041013,20071013,0
1439095,19990617,20020617,0
895421,20110310,20140310,0
0000804154,20101205,20131205,1
1142596,20120501,20150501,0
1079577,20101110,20131110,0
1066605,20050331,20080331,0
1158728,19990724,20020724,0
1491675,19971120,20001120,0
1058239,19981209,20011209,0
720002,19970319,20000319,0
1464343,19991017,20021017,0
1327129,19940309,19970309,0
802806,20120223,20150223,0
1448301,20040109,20070109,0
1327811,20000610,20030610,0
313364,20051014,20081014,0
726601,19930917,19960917,0
714310,19991031,20021031,0
805022,20070519,20100519,0
0001062312,20071214,20101214,1
0000089615,19980430,20010430,1
0001403085,20140629,20170629,1
1410428,20050626,20080626,0
1122897,20150215,20180215,0
0000726977,19940318,19970318,1
1314104,20050511,20080511,0
848865,19980205,20010205,0
0000918275,19980220,20010220,1
929351,20090208,20120208,0
73756,20010611,20040611,0
885732,20080104,20110104,0
0000920448,20160330,20190330,1
1390840,20000930,20030930,0
0001006837,20050316,20080316,1
858655,19941210,19971210,0
1124827,20020214,20050214,0
0000880643,20080803,20110803,1
1370450,20040129,20070129,0
29806,20110806,20140806,0
1323206,20120314,20150314,0
1411303,20060928,20090928,0
854560,19981209,20011209,0
1039280,20120927,20150927,0
0000723924,20050209,20080209,1
0000761682,19971220,20001220,1
1506488,20050420,20080420,0
799165,19971220,20001220,0
0001299967,20110930,20140930,1
1326390,19990815,20020815,0
0001041623,19980329,20010329,1
18926,20110930,20140930,0
1062047,20050420,20080420,0
1144215,20090723,20120723,0
761648,20130122,20160122,0
1325879,20060916,20090916,0
1384905,20150904,20180904,0
1099160,19970427,20000427,0
89439,20040604,20070604,0
1003078,20050717,20080717,0
1232582,20120518,20150518,0
23194,20000319,20030319,0
0001129695,20060211,20090211,1
350066,20080316,20110316,0
217346,19981011,20011011,0
34563,19960811,19990811,0
1162112,19970815,20000815,0
1345126,20011102,20041102,0
1040971,20120509,20150509,0
278166,20120720,20150720,0
1302028,20070526,20100526,0
100331,19981127,20011127,0
1167419,19961108,19991108,0
1345122,20100210,20130210,0
866273,20010803,20040803,0
66479,19940629,19970629,0
0001403853,20130501,20160501,1
0001100674,20061228,20091228,1
1109189,19970406,20000406,0
0001406508,20051025,20081025,1
860188,19970813,20000813,0
0000722104,20091014,20121014,1
1307579,20000120,20030120,0
0001039971,20050531,20080531,1
928054,20140715,20170715,0
0001081004,20000429,20030429,1
0001317890; 0000837038,20030919,20060919,1
1071625,20040723,20070723,0
1382230,19971114,20001114,0
867374,20050819,20080819,0
0000842162,20050707,20080707,1
1311230,19990602,20020602,0
1495320,19980730,20010730,0
732717,20060920,20090920,0
88948,20101112,20131112,0
1368458,20090324,20120324,0
1013857,20070401,20100401,0
1434729,20020220,20050220,0
1082754,20100321,20130321,0
8858,20090729,20120729,0
1364856,20051111,20081111,0
755001,20021101,20051101,0
1218320,20010207,20040207,0
71829,19930603,19960603,0
914539,20031227,20061227,0
1086745,19990311,20020311,0
1102556,20060511,20090511,0
1408278,20050501,20080501,0
1380936,20030920,20060920,0
1035267,19980308,20010308,0
0000895541,20090311,20120311,1
1497186,19981216,20011216,0
0000947431,20000130,20030130,1
896161,19981003,20011003,0
910068,20110115,20140115,0
1396016,19951228,19981228,0
875320,20050303,20080303,0
0001065869,19970801,20000801,1
0000840256,20050721,20080721,1
1310663,19931230,19961230,0
1037038,20061108,20091108,0
0001166414,20070708,20100708,1
1039065,20020619,20050619,0
1000697,20070824,20100824,0
846931,19980913,20010913,0
354655,20010914,20040914,0
1462586,20040330,20070330,0
1563665,20130813,20160813,0
1178970,20120927,20150927,0
1540400,19990815,20020815,0
1365101,20060315,20090315,0
1144945,20061129,20091129,0
0001063262,20050810,20080810,1
853816,20090503,20120503,0
893577,20040805,20070805,0
1466301,20121115,20151115,0
1113232,20030919,20060919,0
0001357800,20040723,20070723,1
0000904898,19970501,20000501,1
1022408,19970322,20000322,0
1092042,20120126,20150126,0
1356462,20011107,20041107,0
0001112263,20010611,20040611,1
1582616,20151003,20181003,0
825542,20120310,20150310,0
1066923,20130511,20160511,0
1130464,20151208,20181208,0
1496749,20051230,20081230,0
1335258,20130306,20160306,0
1228454,19991119,20021119,0
828747,19980224,20010224,0
1176334,19980417,20010417,0
0001007594,19990321,20020321,1
1344970,20150415,20180415,0
0000894544,20031030,20061030,1
764180,20070516,20100516,0
0001093546,20030508,20060508,1
0000891933,19970105,20000105,1
884121,19970717,20000717,0
315852,20010611,20040611,0
833444,19981114,20011114,0
1223389,19971018,20001018,0
1497770,20160415,20190415,0
4187,19940202,19970202,0
0000714756,20060819,20090819,1
0001051999; 0001297720,20100407,20130407,1
49196,19980603,20010603,0
0000889872,19980225,20010225,1
1057060,20131013,20161013,0
0000766738,19960310,19990310,1
0001015663,19970216,20000216,1
22701,20070826,20100826,0
0000897861,20070427,20100427,1
24090,19961219,19991219,0
0000909992,20081012,20111012,1
1590714,19981213,20011213,0
0001124073; 0001060356,19970918,20000918,1
806517,20090128,20120128,0
1092796,19990627,20020627,0
1423818,20140508,20170508,0
1547638,20130606,20160606,0
1040853,20050330,20080330,0
0000716644,19981211,20011211,1
0000917707,19990905,20020905,1
356942,19930120,19960120,0
0000739878,20100618,20130618,1
0001142488,19991119,20021119,1
0001219097,20060916,20090916,1
0001521847; 0001533924,20130116,20160116,1
1070154,19971005,20001005,0
771252,19980430,20010430,0
49534,19960203,19990203,0
0001284453,20061108,20091108,1
0000882159,19990310,20020310,1
1528129,20041205,20071205,0
1004673,20050626,20080626,0
1376339,20101205,20131205,0
1320947,20150724,20180724,0
313616,19880204,19910204,0
846538,20041203,20071203,0
1093672,20030403,20060403,0
1382158,20050212,20080212,0
1462694,20070120,20100120,0
1364250,20080514,20110514,0
748270,19971102,20001102,0
39311,20060203,20090203,0
0001015868,19990904,20020904,1
36506,19970222,20000222,0
15615,20130130,20160130,0
886128,20100415,20130415,0
885590,19971011,20001011,0
0000879712,19940911,19970911,1
831547,20050915,20080915,0
1374783,19950715,19980715,0
1072847,20131207,20161207,0
0001004232,19970302,20000302,1
878535,20040515,20070515,0
1546417,20070930,20100930,0
1586300,20020220,20050220,0
1504461,20160511,20190511,0
883943,19980925,20010925,0
0001014763,20091031,20121031,1
0000864902,19970330,20000330,1
1056903,19970302,20000302,0
320187,20151215,20181215,0
1361248,19970720,20000720,0
1294017,20070520,20100520,0
1158265,19960222,19990222,0
0001045014,20080702,20110702,1
1578318,20150811,20180811,0
791519,20050302,20080302,0
1564902,19981211,20011211,0
0000878720,19991204,20021204,1
1537667,19951220,19981220,0
713671,19990514,20020514,0
717954,20041106,20071106,0
1430501,20120223,20150223,0
1473078,19980306,20010306,0
1366292,19980925,20010925,0
0001476719,20100711,20130711,1
1030471,19930120,19960120,0
1120246,20000514,20030514,0
65984,19970501,20000501,0
1283858,19990620,20020620,0
0001047499,20070118,20100118,1
101063,20000203,20030203,0
764811,19900721,19930721,0
315189,19990715,20020715,0
906465,20041020,20071020,0
1500711,20130821,20160821,0
1368265,19940113,19970113,0
1323468,19980925,20010925,0
880892,19990914,20020914,0
1585064,20120927,20150927,0
1053650,20081028,20111028,0
799698,19960203,19990203,0
0000944838,19950721,19980721,1
1519817,19970806,20000806,0
1292580,20090927,20120927,0
1381197,20120126,20150126,0
1271625,19990904,20020904,0
0000920947,20050601,20080601,1
887733,20041105,20071105,0
78239,20080911,20110911,0
1452217,19971114,20001114,0
0001050504,19980523,20010523,1
103096,20020816,20050816,0
1061630,20060624,20090624,0
1051627,19970406,20000406,0
1126975,20150610,20180610,0
0000356591; 0001170857,20080316,20110316,1
840883,19940629,19970629,0
0000912091; 0000912192,19930130,19960130,1
1355007,20100917,20130917,0
96763,20041013,20071013,0
0000024077,19950113,19980113,1
1059562,20110818,20140818,0
72971,19891219,19921219,0
0000800286,20120224,20150224,1
0001099363,19971116,20001116,1
0000821483,20071215,20101215,1
1094810,19960405,19990405,0
0001190370,20020816,20050816,1
936395,19860629,19890629,0
1491501,19971002,20001002,0
1473061,19940911,19970911,0
0001013238,20150215,20180215,1
1042783,20080619,20110619,0
1569994,20060105,20090105,0
352363,20110317,20140317,0
0001425565,20160305,20190305,1
1059790,20010517,20040517,0
0000004325,19911030,19941030,1
0001107332,20101110,20131110,1
1327364,19990220,20020220,0
24545,20130501,20160501,0
902270,19981113,20011113,0
1075880,20020419,20050419,0
1407384,19980124,20010124,0
108107,20040303,20070303,0
1132651,20090627,20120627,0
1502711,20070616,20100616,0
0001046356; 0001574815,20050616,20080616,1
1360555,19981216,20011216,0
0000868756,20080413,20110413,1
1001082,20010926,20040926,0
1567683,20000117,20030117,0
1344413,20130816,20160816,0
0001332815,20080514,20110514,1
1333274,20050616,20080616,0
1126328,19980213,20010213,0
1204413,19980805,20010805,0
752642,19980724,20010724,0
1101146,20160213,20190213,0
1490983,19941021,19971021,0
1331875,19941227,19971227,0
1063438,20041113,20071113,0
1287808,20050310,20080310,0
1555538,20050717,20080717,0
0000797448,20040425,20070425,1
0001114605,20080227,20110227,1
34782,20060819,20090819,0
1171012,19990708,20020708,0
860748,20130501,20160501,0
0001083036,20060928,20090928,1
0001051379,20060820,20090820,1
1005229,20130501,20160501,0
720005,19930114,19960114,0
77159,19990924,20020924,0
1393299,20041019,20071019,0
318673,20051124,20081124,0
1127342,20080702,20110702,0
93284,20000624,20030624,0
832428,20100313,20130313,0
1179929,20040604,20070604,0
1021270,19950715,19980715,0
0001076462,20070328,20100328,1
76334,20050420,20080420,0
0001013871,19990514,20020514,1
0000835688,20070214,20100214,1
0000920528,19940821,19970821,1
1038357,19990610,20020610,0
0000814068,20051115,20081115,1
1131312,20090507,20120507,0
1136294,20081119,20111119,0
1383729,20000512,20030512,0
1423221,20010914,20040914,0
1348324,19930120,19960120,0
0001113129,19970814,20000814,1
1467076,19960229,19990301,0
0000058361,20071212,20101212,1
746210,20050224,20080224,0
0000925178,20060202,20090202,1
1418862,20060729,20090729,0
729986,20050331,20080331,0
0001038284,19971130,20001130,1
1162328,20061119,20091119,0
38777,20160401,20190401,0
0001338949,20070429,20100429,1
1376139,20061117,20091117,0
0001361937,20140402,20170402,1
1068144,19910918,19940918,0
1365135,20080803,20110803,0
826735,19990708,20020708,0
0001037676,20120111,20150111,1
1576044,20050126,20080126,0
1168335,20050716,20080716,0
844161,19940406,19970406,0
859139,20071215,20101215,0
1334036,19970820,20000820,0
1060349,20050219,20080219,0
819913,20160330,20190330,0
1083301,19990219,20020219,0
0001059397,20060727,20090727,1
812801,20080829,20110829,0
0001234383,20061230,20091230,1
750004,20041015,20071015,0
1509892,20041031,20071031,0
1084171,20061230,20091230,0
1372791,19990627,20020627,0
0000921512,19930930,19960930,1
22356,19990528,20020528,0
0001349436,20120516,20150516,1
930686,20070408,20100408,0
1417398,20050428,20080428,0
891293,19980225,20010225,0
1279228,20060820,20090820,0
1525287,20100916,20130916,0
0000703339,20091230,20121230,1
0000050957,20090909,20120909,1
1105184,20050714,20080714,0
854800,20060820,20090820,0
799088,20040810,20070810,0
1065059,20060727,20090727,0
102754,20111208,20141208,0
0001094572,20070121,20100121,1
1091171,20050310,20080310,0
0001097523,19971113,20001113,1
0000942788; 0001409532; 0001516479,20150610,20180610,1
0000908797,19980206,20010206,1
1208195,20041112,20071112,0
874506,20080809,20110809,0
1003950,20120111,20150111,0
1082526,20110828,20140828,0
1162028,20060820,20090820,0
1466815,19990619,20020619,0
84748,20041118,20071118,0
65201,20130816,20160816,0
0001421601,20130301,20160301,1
30828,20000120,20030120,0
944809,19990914,20020914,0
884461,20050413,20080413,0
890394,19970718,20000718,0
1443646,20070214,20100214,0
818972,19961214,19991214,0
727273,20070826,20100826,0
0000888139,19900817,19930817,1
1488613,20060928,20090928,0
0000864601; 0001075066,20041020,20071020,1
1393052,19981231,20011231,0
896841,19910918,19940918,0
1163958,20040220,20070220,0
0000881468,20040221,20070221,1
874761,19910203,19940203,0
887936,19981008,20011008,0
891482,19920209,19950209,0
0000790414,20050114,20080114,1
1437106,20000610,20030610,0
36032,20091031,20121031,0
821026,20110104,20140104,0
1430602,20071129,20101129,0
923603,20021227,20051227,0
1062530,20160426,20190426,0
894627,20010107,20040107,0
21175,20061007,20091007,0
1246263,20070410,20100410,0
902750,20011214,20041214,0
1397807,20040723,20070723,0
872589,20071212,20101212,0
1266112,20111208,20141208,0
0001345059,20051230,20081230,1
0001064728,20120413,20150413,1
29989,19991204,20021204,0
1223786,20050224,20080224,0
904112,19980205,20010205,0
0000046026,19950610,19980610,1
89800,19990519,20020519,0
1400400,20100618,20130618,0
3333,20070408,20100408,0
748015,19960125,19990125,0
1120105,19970208,20000208,0
1062231,20021229,20051229,0
1133421,20040611,20070611,0
0000896145,19970718,20000718,1
1464963,20040911,20070911,0
0001517342,20131112,20161112,1
0000725774,19860629,19890629,1
914329,19950217,19980217,0
740112,19970716,20000716,0
842023,20031030,20061030,0
225602,20061231,20091231,0
0001020448,20090131,20120131,1
1174527,19960229,19990301,0
830160,20000201,20030201,0
0000873601,19961006,19991006,1
878556,20011006,20041006,0
46195,20130514,20160514,0
1236997,19971005,20001005,0
1017480,20060817,20090817,0
1270073,20130104,20160104,0
0000810365,20081113,20111113,1
0001496631,20130511,20160511,1
0000704508,19981125,20011125,1
787253,19970208,20000208,0
1089063,19990815,20020815,0
0001095274,20061231,20091231,1
0001000897,19970201,20000201,1
0001584952,20151003,20181003,1
1496099,20070211,20100211,0
1283810,19970501,20000501,0
0001018005,20100411,20130411,1
0000885672,20000201,20030201,1
1388133,20020303,20050303,0
0001170016,20040604,20070604,1
1472595,19931006,19961006,0
0001586105,20141030,20171030,1
1470699,20111103,20141103,0
0001121785,20050303,20080303,1
1313911,20010111,20040111,0
1032067,20150430,20180430,0
1128725,20091121,20121121,0
1090118,19980206,20010206,0
1121484,20050613,20080613,0
1015780,20000203,20030203,0
1411583,19991119,20021119,0
1371217,20080104,20110104,0
1343034,19970329,20000329,0
0001132784,20040314,20070314,1
76954,20050623,20080623,0
858470,20000930,20030930,0
1138639,19991031,20021031,0
0001051191; 0001282648,20150807,20180807,1
820081,19980307,20010307,0
0001456455,20130131,20160131,1
726294,19970402,20000402,0
1330421,20080104,20110104,0
14272,20160413,20190413,0
30371,20151003,20181003,0
1006424,19990311,20020311,0
0001376755,20130110,20160110,1
791770,19910516,19940516,0
915840,19981217,20011217,0
1303313,20070214,20100214,0
313927,19990715,20020715,0
1565228,20050716,20080716,0
0001042420,20050130,20080130,1
1276469,19980124,20010124,0
0001022832,19960831,19990831,1
0000006885,20160510,20190510,1
1399529,20031207,20061207,0
1181506,20091014,20121014,0
1368365,20051028,20081028,0
1378701,19981227,20011227,0
0001099980,20060924,20090924,1
0001145202,20050206,20080206,1
1298521,19970501,20000501,0
1361709,20081028,20111028,0
1415404,20121024,20151024,0
0000850316,19971107,20001107,1
1583744,20031030,20061030,0
0001086533,20081119,20111119,1
0001274563,20081115,20111115,1
1049551,19961214,19991214,0
1014507,20090627,20120627,0
1013488,20140629,20170629,0
0001369444,20080412,20110412,1
1474735,20080730,20110730,0
0000100517,19981209,20011209,1
94673,19990321,20020321,0
1100412,19990629,20020629,0
0000946283; 0001499684,20010506,20040506,1
1285650,19990724,20020724,0
0000811828,20040810,20070810,1
1486800,20110930,20140930,0
1541119,20061108,20091108,0
1527349,19970322,20000322,0
0000018530,19990513,20020513,1
921825,20020823,20050823,0
892793,20071004,20101004,0
1588869,20000624,20030624,0
0000789879,20000930,20030930,1
1534293,20010615,20040615,0
1091907,20081012,20111012,0
1223112,20091031,20121031,0
859222,19990905,20020905,0
1285890,20070121,20100121,0
0000027904,20010914,20040914,1
1040470,20100806,20130806,0
872912,19960720,19990720,0
0000946090,20100210,20130210,1
0001060024; 0001033523,19991208,20021208,1
0000736035,19990709,20020709,1
1181187,19990904,20020904,0
1043277,19970717,20000717,0
1337068,19971130,20001130,0
1365790,19990601,20020601,0
1545406,20140402,20170402,0
0000798539,19981202,20011202,1
1265419,20060816,20090816,0
823768,19981213,20011213,0
1020416,20080223,20110223,0
0001089953,19991031,20021031,1
1007273,20060511,20090511,0
870517,20120401,20150401,0
1514743,20140204,20170204,0
1254595,20120613,20150613,0
1314966,20151021,20181021,0
1050377,19970723,20000723,0
78536,19980805,20010805,0
0001029140,19990724,20020724,1
0001138593,20040220,20070220,1
0001073429; 0001307784,20060429,20090429,1
0000921549,20060825,20090825,1
916076,19990124,20020124,0
1516973,19971107,20001107,0
0000855667,20060203,20090203,1
1274057,20131013,20161013,0
1460198,20100321,20130321,0
1371446,20050405,20080405,0
1046311,20160514,20190514,0
1062449,19981212,20011212,0
742112,19980220,20010220,0
0001289255,20061117,20091117,1
1011064,20120523,20150523,0
1504619,20040611,20070611,0
320345,20030514,20060514,0
1581934,19981216,20011216,0
0000311871,20031119,20061119,1
861878,19950113,19980113,0
913957,20120112,20150112,0
10456,20050110,20080110,0
0001078404,19971010,20001010,1
935703,20060928,20090928,0
0000850519,19990321,20020321,1
1158324,20080330,20110330,0
1055160,20091230,20121230,0
0001367387,20071215,20101215,1
888165,20120523,20150523,0
1297587,19970813,20000813,0
1423593,20041019,20071019,0
0000810332,20060105,20090105,1
1259708,20160310,20190310,0
1096385,20011102,20041102,0
0000783738,20050224,20080224,1
30554,20070211,20100211,0
1526697,20050717,20080717,0
1331745,20030123,20060123,0
355933,20110930,20140930,0
925528,20010111,20040111,0
5272,20041204,20071204,0
1470244,19981127,20011127,0
1130166,20100210,20130210,0
0000314712,20110818,20140818,1
6292,20060816,20090816,0
842905,20140129,20170129,0
1385292,19970418,20000418,0
827052,20080816,20110816,0
1059386,20110828,20140828,0
0001058416; 0001064922; 0001361983; 0001021649,19960915,19990915,1
26172,20100421,20130421,0
1308606,19990904,20020904,0
830487,20041126,20071126,0
54187,19961219,19991219,0
1175454,20100923,20130923,0
1527541,19900805,19930805,0
1273931,20030806,20060806,0
1386067,20050106,20080106,0
819050,19990708,20020708,0
926866,20041003,20071003,0
1298716,20060928,20090928,0
50104,20060727,20090727,0
1490281,20080119,20110119,0
918581,19970716,20000716,0
1494904,19911227,19941227,0
1366340,20090702,20120702,0
1300317,20050212,20080212,0
1355795,19970806,20000806,0
1104657,20000803,20030803,0
1349454,19910516,19940516,0
820318,19931105,19961105,0
0001496707; 0001509589,20130104,20160104,1
1179060,20070930,20100930,0
0001131517; 0001139029,20060115,20090115,1
0001402281,20140425,20170425,1
1166126,20070315,20100315,0
1051512,20160510,20190510,0
1314772,19970322,20000322,0
0001006598,19971211,20001211,1
0001272942,20031001,20061001,1
0001140472,20050714,20080714,1
0001364100,20110303,20140303,1
1396009,20060105,20090105,0
0000896842,20090617,20120617,1
0000101704,20041019,20071019,1
794619,20130412,20160412,0
1005969,20120224,20150224,0
1553588,20031126,20061126,0
1416569,20090627,20120627,0
101984,20100210,20130210,0
1317945,19970105,20000105,0
908837,20130517,20160517,0
1315695,19981031,20011031,0
0000859916,20040623,20070623,1
784199,19981031,20011031,0
0001066134,20110504,20140504,1
700733,19990904,20020904,0
1302901,20081213,20111213,0
0001004991,19970208,20000208,1
818850,20050626,20080626,0
0000877210,19950901,19980901,1
0001432244,20070808,20100808,1
820096,20001015,20031015,0
1007330,19981209,20011209,0
795618,20050501,20080501,0
1200448,19970926,20000926,0
19925,20160217,20190217,0
1063494,20040424,20070424,0
49615,19961005,19991005,0
6845,20090324,20120324,0
0001362719,20050106,20080106,1
1377013,19990131,20020131,0
895329,19991015,20021015,0
0001403548,20090510,20120510,1
1357204,19950217,19980217,0
0000721675,19970924,20000924,1
857737,20060727,20090727,0
70858,20040221,20070221,0
51143,20071123,20101123,0
8177,20000130,20030130,0
1345111,20150217,20180217,0
1070985,19990914,20020914,0
52988,20160510,20190510,0
857949,20091121,20121121,0
1168397,20150916,20180916,0
225051,20010701,20040701,0
1390707,19980903,20010903,0
1415624,20070428,20100428,0
28823,20141030,20171030,0
1254419,20080613,20110613,0
1070794,19990815,20020815,0
1248124,20060108,20090108,0
911215,19950201,19980201,0
1295947,20051028,20081028,0
1241199,20050819,20080819,0
1282552,19990708,20020708,0
1302324,20110818,20140818,0
0001009672,20160329,20190329,1
1534880,20080119,20110119,0
1226308,20000930,20030930,0
1369568,20111110,20141110,0
1401680,20050716,20080716,0
1036960,20000130,20030130,0
817161,20101205,20131205,0
888504,20121024,20151024,0
796505,20151208,20181208,0
1029299,19981213,20011213,0
1008586,20081016,20111016,0
1244937,20010519,20040519,0
1293282,20090927,20120927,0
67215,20120322,20150322,0
0000923408; 0001646228,20000202,20030202,1
109758,19990610,20020610,0
277375,20070616,20100616,0
884219,20150331,20180331,0
75677,19980224,20010224,0
0000934873,20041015,20071015,1
1328581,20080325,20110325,0
712034,19910918,19940918,0
1385763,19950721,19980721,0
1070494,20130206,20160206,0
732834,20130316,20160316,0
20356,19980306,20010306,0
770460,20040911,20070911,0
42888,20021227,20051227,0
0001346980,20120509,20150509,1
10254,20071214,20101214,0
1174164,20100711,20130711,0
0001114872,20050331,20080331,1
0000718007,20050402,20080402,1
313716,19990627,20020627,0
106640,20090909,20120909,0
1420488,19971102,20001102,0
1493225,20120916,20150916,0
0001002579; 0001581164,20050615,20080615,1
850660,19990219,20020219,0
58592,20150430,20180430,0
1354327,20100210,20130210,0
1104855,20110930,20140930,0
836157,20100806,20130806,0
812900,19971114,20001114,0
918386,20130816,20160816,0
881890,20151215,20181215,0
0000865570,20081219,20111219,1
1278460,19990708,20020708,0
0001239819,20050717,20080717,1
1029581,20051115,20081115,0
1321646,19970801,20000801,0
1482512,20090425,20120425,0
1390777,20050505,20080505,0
1293211,20010627,20040627,0
806628,20070401,20100401,0
916457,20041106,20071106,0
1084580,19971018,20001018,0
929994,19960105,19990105,0
84246,19980430,20010430,0
867665,20050928,20080928,0
1060392,19961214,19991214,0
1332283,20050331,20080331,0
895051,19941221,19971221,0
750577,19971011,20001011,0
1019272,19940911,19970911,0
763907,19970430,20000430,0
1393662,19980628,20010628,0
750199,20040308,20070308,0
1001385,20151024,20181024,0
0001135185,20000130,20030130,1
896923,20040915,20070915,0
1393883,20151024,20181024,0
913665,20050320,20080320,0
1085734,19981202,20011202,0
0000853695,20080325,20110325,1
943452,20160313,20190313,0
1396033,19920924,19950924,0
927355,20040810,20070810,0
1329378,20040926,20070926,0
1042810,20160213,20190213,0
1359555,19940316,19970316,0
822818,20080619,20110619,0
1116942,19981114,20011114,0
1550695,20140425,20170425,0
1162461,20081003,20111003,0
1544227,19941227,19971227,0
319815,20040623,20070623,0
0000917770,19991114,20021114,1
1177609,19990617,20020617,0
84290,20050709,20080709,0
1490872,20080514,20110514,0
1514490,19930110,19960110,0
1178575,20040515,20070515,0
873044,20111231,20141231,0
1314655,19961129,19991129,0
889900,19930114,19960114,0
0001387156,20150724,20180724,1
1492658,19990724,20020724,0
0000706597,19951201,19981201,1
0000073088,19990914,20020914,1
0000946661,20020202,20050202,1
914713,20141022,20171022,0
1362719,19961219,19991219,0
0000925464,20050731,20080731,1
353230,19980225,20010225,0
933738,20140402,20170402,0
895930,19961129,19991129,0
856226,19970806,20000806,0
0001129650,20010107,20040107,1
849213,20120127,20150127,0
1267890,19961005,19991005,0
1381186,19990214,20020214,0
895417,20151021,20181021,0
1434868,20070216,20100216,0
28367,19940113,19970113,0
0000888918,19970921,20000921,1
1141688,20120413,20150413,0
813619,20000520,20030520,0
0000913159,19980221,20010221,1
0000910168,19960714,19990714,1
855654,19960831,19990831,0
0000948073,19960315,19990315,1
1284818,20010228,20040228,0
0001282266; 0001362222,20150225,20180225,1
355948,19971114,20001114,0
0001034258,20050415,20080415,1
0001701758,20020130,20050130,1
0000019731,20041229,20071229,1
31277,20021129,20051129,0
1023291,19970111,20000111,0
1090012,20080730,20110730,0
0000841123,20061228,20091228,1
1040130,20160330,20190330,0
720672,19940309,19970309,0
1295401,19970329,20000329,0
0001080290,19981213,20011213,1
885125,20081003,20111003,0
1038339,20111015,20141015,0
1410637,20120725,20150725,0
1538267,19980625,20010625,0
1185348,20141212,20171212,0
1002517,20120613,20150613,0
874444,20051124,20081124,0
0001283843,20120322,20150322,1
0000357108,20100923,20130923,1
1481792,20120504,20150504,0
1111205,20120126,20150126,0
914374,19970302,20000302,0
0001172678,20051106,20081106,1
1575571,20060514,20090514,0
110471,19971102,20001102,0
837852,20080829,20110829,0
9346,20100421,20130421,0
0000104218,19980114,20010114,1
0000884321,20030720,20060720,1
0001001495; 0000896985,20151021,20181021,1
0001063921,19970501,20000501,1
1135152,20090128,20120128,0
1113809,20110115,20140115,0
896622,19970322,20000322,0
0001297385; 0001285206,20031207,20061207,1
1040719,20071003,20101003,0
23082,20150215,20180215,0
753568,19991204,20021204,0
1031296,19971114,20001114,0
0001072702,20050717,20080717,1
1335190,20041010,20071010,0
810136,20120310,20150310,0
75362,19951228,19981228,0
1574085,20060910,20090910,0
1320414,19980925,20010925,0
947559,19970713,20000713,0
0000019411,19990311,20020311,1
1418135,20070616,20100616,0
809248,19980523,20010523,0
864240,20060709,20090709,0
0000911149,20050818,20080818,1
1315320,19980124,20010124,0
1404296,19970111,20000111,0
1395999,20040810,20070810,0
1414932,20100711,20130711,0
0000858482,19930310,19960310,1
1376556,20051230,20081230,0
893739,20050327,20080327,0
1135185,20071215,20101215,0
31462,19980306,20010306,0
1368308,20020823,20050823,0
1526629,20050709,20080709,0
851170,20120727,20150727,0
0001265107,20150630,20180630,1
1273805,20000117,20030117,0
0001575599; 0001621048,20130130,20160130,1
0001005509,19941221,19971221,1
707549,20070410,20100410,0
0001070630,20040308,20070308,1
889971,20080119,20110119,0
860413,19970216,20000216,0
1398161,20090131,20120131,0
1426800,20040613,20070613,0
1069533,20060203,20090203,0
101199,20060722,20090722,0
1029654,20001015,20031015,0
0000796735,20040330,20070330,1
1415301,20040220,20070220,0
0001055454,20090128,20120128,1
737468,20000329,20030329,0
1102266,20050219,20080219,0
1002037,19960310,19990310,0
1062379,20070315,20100315,0
1329388,20061007,20091007,0
1124394,20070304,20100304,0
1517990,19990724,20020724,0
878526,20100916,20130916,0
0001473061,20120401,20150401,1
1475274,20120907,20150907,0
78066,20070128,20100128,0
1490636,19971005,20001005,0
1047127,19961213,19991213,0
66960,20110317,20140317,0
0001081404,19971005,20001005,1
1058033,19940719,19970719,0
1056239,19931006,19961006,0
0000857954,19910918,19940918,1
0000811696,20040219,20070219,1
798288,20130409,20160409,0
1441634,20080415,20110415,0
1135906,20030302,20060302,0
882184,20130412,20160412,0
34956,19940821,19970821,0
1096376,20131211,20161211,0
1565337,19900805,19930805,0
3153,19971019,20001019,0
1260990,19961207,19991207,0
801351,20000930,20030930,0
1283552,20120314,20150314,0
1255821,19990904,20020904,0
887394,20020707,20050707,0
0000855359,19950907,19980907,1
1047202,20050327,20080327,0
884144,20010506,20040506,0
1046859,20040330,20070330,0
1443669,19980205,20010205,0
1216583,20081028,20111028,0
0001068049,19981216,20011216,1
1090425,20050626,20080626,0
764038,20050731,20080731,0
102037,19880204,19910204,0
0000106998; 0000846815,20010517,20040517,1
1558629,20010908,20040908,0
1050112,20030921,20060921,0
16859,20080801,20110801,0
1375320,20101023,20131023,0
931336,20030112,20060112,0
1408198,20150430,20180430,0
1216596,20050209,20080209,0
1110803,19970307,20000307,0
0000779334,19980603,20010603,1
856128,20050325,20080325,0
800459,20041020,20071020,0
50725,20061228,20091228,0
1572280,20050331,20080331,0
18061,20150630,20180630,0
0001314054,20120122,20150122,1
921114,20030508,20060508,0
1468174,20090617,20120617,0
1051470,20050130,20080130,0
1376812,20010506,20040506,0
0001107601,20040915,20070915,1
1164727,19991114,20021114,0
876167,19971018,20001018,0
1368007,19960127,19990127,0
1426945,20030508,20060508,0
842295,19970703,20000703,0
1016504,20080803,20110803,0
811532,20060113,20090113,0
937556,20130322,20160322,0
718924,19860115,19890115,0
0001036968; 0001114348,20120613,20150613,1
870826,19911030,19941030,0
737758,20110312,20140312,0
1162030,19970815,20000815,0
851520,20060722,20090722,0
55529,20021129,20051129,0
1011661,20130821,20160821,0
1572684,19930114,19960114,0
1576018,20050825,20080825,0
731766,19940629,19970629,0
1013606,19930603,19960603,0
1005731,19970402,20000402,0
8670,20001216,20031216,0
1299139,20050302,20080302,0
0001083753,20010926,20040926,1
1410636,19930310,19960310,0
0000840264,20080809,20110809,1
933034,20060514,20090514,0
0000840823,20010519,20040519,1
310142,20050810,20080810,0
878198,19940316,19970316,0
1567345,20140508,20170508,0
1157780,20030629,20060629,0
710846,20151021,20181021,0
1580608,19971005,20001005,0
0001170605,20060624,20090624,1
1002225,20070128,20100128,0
1381531,20071215,20101215,0
1390844,19981031,20011031,0
1056861,19960814,19990814,0
55805,19950715,19980715,0
1321927,20050915,20080915,0
906338,20080412,20110412,0
1288359,20041015,20071015,0
1327603,20020816,20050816,0
9092,19990528,20020528,0
1324205,19990214,20020214,0
1448397,20160414,20190414,0
0001098278,20041202,20071202,1
880177,19960203,19990203,0
1577368,20040109,20070109,0
98677,19930120,19960120,0
0001098075,20050922,20080922,1
1095981,20050110,20080110,0
1476150,19930110,19960110,0
0001479426,20100407,20130407,1
0000873979,19930603,19960603,1
1025148,20010611,20040611,0
1310067,20050617,20080617,0
1070045,20000329,20030329,0
1379763,19970807,20000807,0
1120462,20160313,20190313,0
722256,19951220,19981220,0
922864,20031218,20061218,0
29332,19970801,20000801,0
1050441,20081106,20111106,0
1280058,19971220,20001220,0
0000103341,20030816,20060816,1
1173431,19940313,19970313,0
1583001,20050601,20080601,0
1002047,20060429,20090429,0
0000355589; 0000858797,19930114,19960114,1
88790,20061228,20091228,0
1170299,19960502,19990502,0
1398797,20040731,20070731,0
0001056748,20040613,20070613,1
914025,20041001,20071001,0
0000920173,19940719,19970719,1
73887,19960511,19990511,0
1569187,20070214,20100214,0
859014,20050819,20080819,0
719241,20090530,20120530,0
1066026,20001015,20031015,0
1576340,20081214,20111214,0
909108,20090503,20120503,0
1750,19990519,20020519,0
744106,19920924,19950924,0
56679,20081016,20111016,0
1282266,19930603,19960603,0
930236,20051101,20081101,0
1297336,19970829,20000829,0
715579,20010803,20040803,0
885639,20060730,20090730,0
908785,20040611,20070611,0
1419852,19990617,20020617,0
0000354767,20040407,20070407,1
32166,20120310,20150310,0
0000893139,19981218,20011218,1
93859,20020918,20050918,0
1081009,19980912,20010912,0
58492,20100305,20130305,0
1362468,20040330,20070330,0
1351051,20060920,20090920,0
893949,20050617,20080617,0
0001619250; 0001445274,20160209,20190209,1
1532750,20050721,20080721,0
815094,19990219,20020219,0
45919,20130606,20160606,0
1134224,19990214,20020214,0
895364,20050810,20080810,0
906193,20111103,20141103,0
1094739,20070516,20100516,0
1548717,20060602,20090602,0
906163,20150807,20180807,0
12978,20010611,20040611,0
883241,20100313,20130313,0
0001096509,20030207,20060207,1
717720,20071215,20101215,0
1353283,20160413,20190413,0
868271,20060414,20090414,0
0000832334,19921025,19951025,1
1289308,19970501,20000501,0
99047,20110308,20140308,0
319201,19980205,20010205,0
1451505,20120518,20150518,0
1316656,19930114,19960114,0
880631,20000624,20030624,0
1326807,20120605,20150605,0
1058425,19970808,20000808,0
1413440,20130501,20160501,0
908255,20130511,20160511,0
887921,19960811,19990811,0
106455,20110930,20140930,0
809559,20040819,20070819,0
891532,20100210,20130210,0
1511337,20050716,20080716,0
76267,20131129,20161129,0
0001120830,20090208,20120208,1
1103837,20120727,20150727,0
1072379,19930602,19960602,0
1492633,19970417,20000417,0
1029142,20031130,20061130,0
1490660,20110104,20140104,0
1209028,19920924,19950924,0
1066745,20140425,20170425,0
1518557,19960202,19990202,0
886948,20101110,20131110,0
846909,20160415,20190415,0
1549872,20051028,20081028,0
900349,20041019,20071019,0
1129446,20060408,20090408,0
816159,20050217,20080217,0
1169988,20150129,20180129,0
1082923,20010701,20040701,0
0000034945; 0000794367,19860115,19890115,1
1133416,19990724,20020724,0
906345,20120112,20150112,0
0001386026; 0001091293,20151024,20181024,1
730716,20050413,20080413,0
1500217,20030214,20060214,0
852772,20071215,20101215,0
54502,20040129,20070129,0
97745,19981218,20011218,0
1411974,19990225,20020225,0
846901,20120112,20150112,0
1549922,20050731,20080731,0
0000944739,20091121,20121121,1
1090872,20091031,20121031,0
1401573,19980430,20010430,0
1350970,20130501,20160501,0
1297178,20080730,20110730,0
0001490636; 0000924120,20130313,20160313,1
0001656328,20150916,20180916,1
1324592,19960222,19990222,0
1058690,19980308,20010308,0
723254,20000903,20030903,0
1305294,20050810,20080810,0
778438,20070121,20100121,0
1090121,19980212,20010212,0
1322866,20040623,20070623,0
0000924174,19960808,19990808,1
41719,20050922,20080922,0
1298341,19990404,20020404,0
0001043720; 0001505497,20160320,20190320,1
891024,20060414,20090414,0
1031028,20140204,20170204,0
11199,20150217,20180217,0
1087456,20000514,20030514,0
1485001,20051124,20081124,0
3116,19960831,19990831,0
1495222,20090131,20120131,0
1368622,20120916,20150916,0
904080,19970702,20000702,0
1287032,19980912,20010912,0
60714,20040731,20070731,0
943324,19981008,20011008,0
0001106928,19981209,20011209,1
1421182,20051111,20081111,0
893821,20070808,20100808,0
1043561,19940911,19970911,0
1526796,20070428,20100428,0
0001362468,19961213,19991213,1
831259,20160310,20190310,0
1561680,20050928,20080928,0
1512074,19940719,19970719,0
1259429,19970820,20000820,0
0001081665,19980604,20010604,1
1067419,20141221,20171221,0
1070296,20060514,20090514,0
93444,20060203,20090203,0
27904,20120224,20150224,0
807884,19921025,19951025,0
1169264,19990904,20020904,0
936468,20131013,20161013,0
0000020520,20160414,20190414,1
0001022646,20160514,20190514,1
0001088734,20070519,20100519,1
1419178,20050803,20080803,0
1262039,20080104,20110104,0
1388430,19971005,20001005,0
0000790526,19990904,20020904,1
918646,20000130,20030130,0
0000099321,20020619,20050619,1
1375340,20060105,20090105,0
870778,20110204,20140204,0
886035,19970924,20000924,0
42582,20070616,20100616,0
1305767,20110828,20140828,0
1108524,20090723,20120723,0
0000093456,20110312,20140312,1
1000045,20120907,20150907,0
1579157,20130606,20160606,0
101594,20141015,20171015,0
1059280,19941130,19971130,0
0001092605,20030214,20060214,1
1276533,19931105,19961105,0
1085869,19990514,20020514,0
1133016,19990528,20020528,0
766421,20010615,20040615,0
5187,20080619,20110619,0
9984,19961214,19991214,0
830622,20041113,20071113,0
1501078,20050601,20080601,0
0001004968,19940312,19970312,1
1318906,20111110,20141110,0
1395057,20050615,20080615,0
1131096,20081219,20111219,0
805305,20070128,20100128,0
721994,20060910,20090910,0
886043,19990627,20020627,0
1573166,20120415,20150415,0
1541401,20130306,20160306,0
1412495,20070516,20100516,0
101830,19940406,19970406,0
845877,20051115,20081115,0
0000006071,19970820,20000820,1
1295810,20010615,20040615,0
719274,19941021,19971021,0
67347,20110826,20140826,0
0001017546,19941021,19971021,1
317771,20040221,20070221,0
1195739,20051101,20081101,0
803016,20080412,20110412,0
0000755686; 0000909326,20050420,20080420,1
1171298,19860115,19890115,0
1272547,20051111,20081111,0
1105841,20050130,20080130,0
918541,20061231,20091231,0
929186,19970515,20000515,0
0001180743,20060602,20090602,1
801337,19990904,20020904,0
0000356708,20080619,20110619,1
0000892553,19990708,20020708,1
0001710155; 0000868263,19960405,19990405,1
1068279,20100418,20130418,0
75340,20080227,20110227,0
0001038370,19961023,19991023,1
1080709,20040723,20070723,0
0001061580,20051124,20081124,1
2969,20070328,20100328,0
882153,20100305,20130305,0
1115222,20041113,20071113,0
0000900392,19950420,19980420,1
0001424280,20080613,20110613,1
812011,20131207,20161207,0
66740,19940309,19970309,0
1425715,19990124,20020124,0
3453,20160511,20190511,0
1122304,20111231,20141231,0
1403568,20100618,20130618,0
918686,20030123,20060123,0
1292055,20111015,20141015,0
912898,19970201,20000201,0
1108967,19950420,19980420,0
54883,20100618,20130618,0
1080034,20050219,20080219,0
877463,20030214,20060214,0
1471088,20081012,20111012,0
749660,19991017,20021017,0
1453814,20061228,20091228,0
751652,20041118,20071118,0
949156,19950122,19980122,0
0001007581,19980301,20010301,1
799231,19990617,20020617,0
0000861955,20050915,20080915,1
799195,20040530,20070530,0
1049782,19940401,19970401,0
1260625,20001015,20031015,0
1466593,20090311,20120311,0
1399541,20081028,20111028,0
1383803,20071007,20101007,0
1385613,20011006,20041006,0
1547341,19970208,20000208,0
888410,20101110,20131110,0
0001051285,19970222,20000222,1
1471458,20051111,20081111,0
0001108955,20050505,20080505,1
1567892,20010914,20040914,0
1093557,20040515,20070515,0
914475,19970406,20000406,0
1380509,20010627,20040627,0
0000814228,19920321,19950321,1
1556739,20050922,20080922,0
0001022191,19970716,20000716,1
37996,19980307,20010307,0
920148,19971107,20001107,0
882104,20090111,20120111,0
943034,19970205,20000205,0
1069258,19941221,19971221,0
1252509,20050331,20080331,0
1076682,20010519,20040519,0
1169445,19980903,20010903,0
890801,19990924,20020924,0
0001143997,20040220,20070220,1
1282393,20050626,20080626,0
0001101152,20000514,20030514,1
0001579684; 0001368900; 0001056464,20090927,20120927,1
1370880,20021229,20051229,0
886984,20071031,20101031,0
700564,20050531,20080531,0
0000023304,19990924,20020924,1
1395325,19970313,20000313,0
0001039208,19980323,20010323,1
783603,20010701,20040701,0
1040829,19980213,20010213,0
833021,19940312,19970312,0
1340127,19990610,20020610,0
1016169,20081221,20111221,0
1361103,20081106,20111106,0
351145,20160416,20190416,0
1017673,20061117,20091117,0
0000813013,19940313,19970313,1
1580185,20040805,20070805,0
925683,20081214,20111214,0
910322,20030112,20060112,0
1528356,20100415,20130415,0
0001031425,20090425,20120425,1
1316898,19940316,19970316,0
1573516,20021227,20051227,0
874766,20120315,20150315,0
1260729,19990219,20020219,0
94610,19971220,20001220,0
1282977,20080801,20110801,0
0000942143,19981227,20011227,1
16099,20050810,20080810,0
16732,20040221,20070221,0
0001330849,20120605,20150605,1
0001027377,19980308,20010308,1
0000878731,20050805,20080805,1
1289169,19990205,20020205,0
0001526689,20151215,20181215,1
0001086303,20120223,20150223,1
1262279,20040417,20070417,0
1078075,20050217,20080217,0
862668,20060203,20090203,0
1575311,19860115,19890115,0
1489979,19990304,20020304,0
1170300,20040109,20070109,0
1095996,20050327,20080327,0
1265708,19940202,19970202,0
1578685,20050405,20080405,0
1486159,20131129,20161129,0
906780,19990904,20020904,0
1003642,20050212,20080212,0
1267969,19950907,19980907,0
1092699,20030816,20060816,0
1449732,19960720,19990720,0
1533932,19990514,20020514,0
0001012176,19980213,20010213,1
1461993,20040221,20070221,0
1075531,20090507,20120507,0
1393818,20100415,20130415,0
1203944,19970330,20000330,0
0001013627,19941130,19971130,1
803352,20061231,20091231,0
0001087329,20000123,20030123,1
354963,20030816,20060816,0
935063,20050511,20080511,0
1046578,19980903,20010903,0
850429,20160301,20190301,0
1270523,20150215,20180215,0
903127,20080227,20110227,0
0001048268,20020214,20050214,1
1448893,20031207,20061207,0
0001037067,19980205,20010205,1
1023052,20160305,20190305,0
0001325118,20041228,20071228,1
884217,20050331,20080331,0
1110647,19910516,19940516,0
1527547,19961214,19991214,0
91419,20050709,20080709,0
0001048157,20000202,20030202,1
914035,20050626,20080626,0
887546,20110930,20140930,0
764478,19891219,19921219,0
1015293,20160128,20190128,0
1398551,20061230,20091230,0
0001376668,20090128,20120128,1
912145,20000203,20030203,0
0000938320,20090724,20120724,1
846596,20071007,20101007,0
1322232,19940406,19970406,0
1054579,19980925,20010925,0
1266719,20051230,20081230,0
1375686,19951228,19981228,0
55772,20010615,20040615,0
1419521,20050731,20080731,0
1100962,20060923,20090923,0
1554697,20050217,20080217,0
1111928,19981003,20011003,0
1482080,20130813,20160813,0
1546296,20020109,20050109,0
1342287,20110828,20140828,0
1143155,20060203,20090203,0
1335686,19960915,19990915,0
880285,19980213,20010213,0
1312928,20160511,20190511,0
741516,20130206,20160206,0
0000727672,19980913,20010913,1
1275014,19970201,20000201,0
1410172,20150916,20180916,0
886530,20130501,20160501,0
0001429896,20140715,20170715,1
105076,20070808,20100808,0
888137,20101023,20131023,0
1509253,20050928,20080928,0
1001426,20010908,20040908,0
1184702,20041228,20071228,0
1041859,19970418,20000418,0
57139,20150630,20180630,0
1553023,19971018,20001018,0
1380534,20050331,20080331,0
0000928659,20091003,20121003,1
1373715,19931105,19961105,0
1350653,20060624,20090624,0
1101169,20050819,20080819,0
1365038,19981202,20011202,0
1096791,20060709,20090709,0
0001525773,20160514,20190514,1
898173,20050505,20080505,0
1291334,19900817,19930817,0
866873,20160415,20190415,0
789570,20100711,20130711,0
912544,20080227,20110227,0
18532,20031030,20061030,0
0001375996; 0001171012,20130830,20160830,1
1059366,19990220,20020220,0
0001309450,20050626,20080626,1
1325098,20020202,20050202,0
1163461,20160415,20190415,0
1322436,20030720,20060720,0
0000906609,19981018,20011018,1
1171471,20050716,20080716,0
0000818467,19960502,19990502,1
730263,20140816,20170816,0
0001043156,20070928,20100928,1
1047170,20150811,20180811,0
1127160,19990514,20020514,0
796764,20160121,20190121,0
701347,19991017,20021017,0
1108109,20080803,20110803,0
879585,19960502,19990502,0
0000809572,19930120,19960120,1
0001362614,20050915,20080915,1
18230,20101110,20131110,0
1399521,20091014,20121014,0
0000351817,20111231,20141231,1
863157,20030921,20060921,0
0000890093,19941227,19971227,1
0000932140,19970322,20000322,1
0001055468,19971002,20001002,1
0000765414,19990220,20020220,1
93751,20110723,20140723,0
913165,20160217,20190217,0
1488039,20130813,20160813,0
31107,20160313,20190313,0
44545,20000201,20030201,0
1052100,20050114,20080114,0
1140410,19960222,19990222,0
0001051825,19991216,20021216,1
351834,19970807,20000807,0
0001004969,20041205,20071205,1
1355042,20081114,20111114,0
0001124024,20111110,20141110,1
1526952,20040220,20070220,0
1137393,20140129,20170129,0
1573312,20010701,20040701,0
1013462,20111103,20141103,0
0001256536,20030806,20060806,1
74303,19960719,19990719,0
714530,19990914,20020914,0
78003,20070519,20100519,0
1047947,20061228,20091228,0
1362925,20050501,20080501,0
808461,20151112,20181112,0
1316710,19970718,20000718,0
909111,20021015,20051015,0
1128928,20151024,20181024,0
106618,20090617,20120617,0
0000946842,20070401,20100401,1
51548,20040731,20070731,0
1177845,20140314,20170314,0
0000887356,19961226,19991226,1
884887,20120415,20150415,0
0000869487,20100311,20130311,1
1181504,20040623,20070623,0
847322,20100313,20130313,0
1572910,20041219,20071219,0
875159,19950113,19980113,0
740260,20050513,20080513,0
1091325,19961213,19991213,0
1274202,19950622,19980622,0
1338170,20110826,20140826,0
320174,19940821,19970821,0
882151,20120111,20150111,0
811240,20120122,20150122,0
0001018710,20041203,20071203,1
0001405424,20100924,20130924,1
1498301,20050320,20080320,0
87565,19981202,20011202,0
931584,19990928,20020928,0
0001100981,20041118,20071118,1
104897,19971130,20001130,0
836429,20110205,20140205,0
924901,19901123,19931123,0
1538822,20081003,20111003,0
1003214,19950201,19980201,0
0000815508,20050716,20080716,1
1355823,20080730,20110730,0
0001097516,19990225,20020225,1
1166789,19981211,20011211,0
64996,20090208,20120208,0
778972,19950715,19980715,0
830474,20050731,20080731,0
864415,20060430,20090430,0
1344980,20041126,20071126,0
717538,20050819,20080819,0
1135971,20080214,20110214,0
1131543,19971019,20001019,0
764579,20060430,20090430,0
1020017,20130920,20160920,0
82166,20160217,20190217,0
5768,20070808,20100808,0
0001549145,20141022,20171022,1
0001384072; 0001464666,20150331,20180331,1
1365754,20050928,20080928,0
1356628,19990219,20020219,0
914138,19981212,20011212,0
813762,20050713,20080713,0
1524223,20060414,20090414,0
1413329,19920209,19950209,0
1023131,20001006,20031006,0
0000927790,19981031,20011031,1
1037976,20040902,20070902,0
834285,19920924,19950924,0
1400848,19940202,19970202,0
1333578,19990721,20020721,0
1384101,20131117,20161117,0
0001024678,19970222,20000222,1
102426,20050626,20080626,0
1409012,20020214,20050214,0
1560672,20031130,20061130,0
940298,20120223,20150223,0
893538,19980724,20010724,0
1070423,20081213,20111213,0
1052045,19960222,19990222,0
1421525,19980124,20010124,0
1024124,19880204,19910204,0
929008,19970815,20000815,0
1219360,20041228,20071228,0
0001405686,20120203,20150203,1
885725,20081219,20111219,0
1551182,20060430,20090430,0
874977,19981212,20011212,0
883981,19990514,20020514,0
1046788,20091014,20121014,0
0000100979,20001015,20031015,1
1559053,20010615,20040615,0
0000007431,19961206,19991206,1
1361470,20001129,20031129,0
18498,20000901,20030901,0
1483195,19961214,19991214,0
46619,20010701,20040701,0
1324404,20090128,20120128,0
1373561,20080227,20110227,0
0000925779,19971018,20001018,1
1157601,19961218,19991218,0
1375200,20100210,20130210,0
806279,20100924,20130924,0
891554,20081012,20111012,0
0000716214,20061007,20091007,1
912183,19970406,20000406,0
944745,19990629,20020629,0
1398931,20050825,20080825,0
0000722839,20020707,20050707,1
0001157443,20060816,20090816,1
1230245,19940226,19970226,0
1550603,20150916,20180916,0
1507615,19981227,20011227,0
0000924374,19960404,19990404,1
1463959,20050224,20080224,0
785968,20100415,20130415,0
1389030,20050114,20080114,0
0001545078; 0000933136,20040926,20070926,1
0000076321,20141212,20171212,1
1524358,20090128,20120128,0
903651,19991114,20021114,0
0001135906,20120725,20150725,1
1487918,19990627,20020627,0
1319947,20160209,20190209,0
1092914,20050805,20080805,0
1442505,19991208,20021208,0
1051251,20160128,20190128,0
55785,19960202,19990202,0
1319332,19970307,20000307,0
18172,20001216,20031216,0
0001023139,20031114,20061114,1
1293613,19980212,20010212,0
1301611,19930917,19960917,0
1337553,19981201,20011201,0
859737,20150811,20180811,0
0001107802,20030302,20060302,1
1253327,20050511,20080511,0
1396277,20150225,20180225,0
1041803,19920924,19950924,0
1517175,20080918,20110918,0
1410711,19960222,19990222,0
0001165271,20100321,20130321,1
1539838,20050302,20080302,0
1427925,20050105,20080105,0
1366367,20080613,20110613,0
931015,20060113,20090113,0
0000783211,20041031,20071031,1
1063293,20130131,20160131,0
103595,20041204,20071204,0
1409493,19981004,20011004,0
1228509,20000329,20030329,0
849146,20041201,20071201,0
0001017156,20040515,20070515,1
17843,20130511,20160511,0
1167467,20060105,20090105,0
1230355,20030214,20060214,0
1367064,20061108,20091108,0
883948,20160305,20190305,0
886158,20080619,20110619,0
1034842,20060817,20090817,0
0000934509,19990602,20020602,1
110536,19930603,19960603,0
917520,20091031,20121031,0
0001061029,20030921,20060921,1
714395,20040623,20070623,0
0001004545,19931105,19961105,1
355777,20040915,20070915,0
0000918999,20000512,20030512,1
0001169709,20020220,20050220,1
1421419,20130122,20160122,0
837330,19980220,20010220,0
936528,20160313,20190313,0
1116521,20041110,20071110,0
1527590,20041202,20071202,0
0001080634,19981113,20011113,1
1373670,20070427,20100427,0
1018833,20041105,20071105,0
0001084727,20060722,20090722,1
891188,19980225,20010225,0
1162139,20060729,20090729,0
1585583,19981114,20011114,0
1286131,20101112,20131112,0
0000910112,19950122,19980122,1
1355096,19980308,20010308,0
0001059976,19990724,20020724,1
766561,20140816,20170816,0
84129,20160514,20190514,0
100716,19950113,19980113,0
1174746,20050114,20080114,0
0000046601,19960816,19990816,1
72331,20031130,20061130,0
1030749,20050302,20080302,0
0001575969,20160510,20190510,1
0001078203,20050928,20080928,1
1014473,20060113,20090113,0
0000753772,20140508,20170508,1
1302709,19980213,20010213,0
1140827,20020307,20050307,0
0000317477,20070410,20100410,1
1303652,20060916,20090916,0
1097609,19961219,19991219,0
1514281,20080730,20110730,0
1017968,20050714,20080714,0
0000719662,20050330,20080330,1
1208208,20030720,20060720,0
939767,20061231,20091231,0
1017303,19980604,20010604,0
1412067,20100321,20130321,0
1136352,20080816,20110816,0
766829,20020816,20050816,0
318380,20151208,20181208,0
845696,20050114,20080114,0
0001450074,20070304,20100304,1
1114220,20011214,20041214,0
0000940034,19961218,19991218,1
879575,19971220,20001220,0
731653,20020707,20050707,0
85408,20140715,20170715,0
0000350199,20110204,20140204,1
1096738,19961218,19991218,0
103973,20031126,20061126,0
1083318,20160416,20190416,0
1483510,20080702,20110702,0
718916,20120927,20150927,0
75488,19940316,19970316,0
1123270,20090729,20120729,0
1492691,19970131,20000131,0
900422,20061231,20091231,0
0000877355,20041126,20071126,1
0001172222; 0000046205,19990321,20020321,1
0001376610,20110310,20140310,1
766792,20050331,20080331,0
847480,20000202,20030202,0
820537,19980430,20010430,0
1367859,20050731,20080731,0
96699,20080325,20110325,0
0001415306; 0001371466,19970131,20000131,1
0000906598,19930110,19960110,1
1374535,20111110,20141110,0
95029,20040326,20070326,0
943110,19990815,20020815,0
0001265700,20040613,20070613,1
1012140,20040308,20070308,0
1057693,20061108,20091108,0
1368493,20150225,20180225,0
1535031,20051014,20081014,0
62709,20040515,20070515,0
858339,19980417,20010417,0
77449,19960511,19990511,0
1288992,20031227,20061227,0
1419242,20041204,20071204,0
350917,20060511,20090511,0
1004125,20001015,20031015,0
1397187,20050616,20080616,0
104889,19970307,20000307,0
0001031754,19990120,20020120,1
1283157,20001015,20031015,0
0001006269,19990715,20020715,1
1169417,19970129,20000129,0
1527622,20070427,20100427,0
887126,20120523,20150523,0
1383701,20151112,20181112,0
808011,20040129,20070129,0
0001117258,20040530,20070530,1
0001400891,20140314,20170314,1
1028215,20000930,20030930,0
866787,20000429,20030429,0
1410660,20001015,20031015,0
1141299,20001015,20031015,0
1053584,20020109,20050109,0
109156,20100313,20130313,0
0001301501,20150415,20180415,1
813461,20070516,20100516,0
1294208,19981018,20011018,0
929887,19940316,19970316,0
844143,20050331,20080331,0
75398,20150217,20180217,0
86115,20130301,20160301,0
875622,19960310,19990310,0
1018003,20031119,20061119,0
68270,20020619,20050619,0
1424454,19950113,19980113,0
1333170,20081114,20111114,0
4447,20060727,20090727,0
1364479,20130821,20160821,0
0000763098,19970329,20000329,1
1287498,20000329,20030329,0
1109190,20051230,20081230,0
889331,19990815,20020815,0
887905,20000319,20030319,0
0001345968,20050617,20080617,1
0001289550,20120310,20150310,1
0000040518,19971102,20001102,1
1068717,19971116,20001116,0
1295557,20061117,20091117,0
350894,19980625,20010625,0
1283683,20010111,20040111,0
798949,20040708,20070708,0
884624,20060722,20090722,0
1559991,19920924,19950924,0
41499,19971018,20001018,0
1134538,20130316,20160316,0
0001296391,20101229,20131229,1
1262415,20040109,20070109,0
0000073093,19961219,19991219,1
0000768119,20001214,20031214,1
885731,20081114,20111114,0
0001055458,19971005,20001005,1
1023364,20060923,20090923,0
0001540729,20160310,20190310,1
0000790815,19920924,19950924,1
0001383960,20110227,20140227,1
1510326,20160329,20190329,0
1289236,19950122,19980122,0
1001171,20121014,20151014,0
48287,20100313,20130313,0
919012,20060105,20090105,0
884905,20050617,20080617,0
839533,20100407,20130407,0
0000315136,19971019,20001019,1
1504234,20041231,20071231,0
923184,19981209,20011209,0
1025536,19951220,19981220,0
1053112,19990729,20020729,0
16614,20070428,20100428,0
1053988,20110115,20140115,0
1165880,20151216,20181216,0
0001074530,20011016,20041016,1
879957,19991031,20021031,0
0000853271,19971220,20001220,1
1037760,19990205,20020205,0
1141391,20050818,20080818,0
1199004,19960110,19990110,0
1297968,20130122,20160122,0
0001113306,20090723,20120723,1
1113784,20000901,20030901,0
1568292,20071004,20101004,0
0000819551,20050302,20080302,1
1385632,20080803,20110803,0
1040593,19970329,20000329,0
895523,20060624,20090624,0
14707,20070128,20100128,0
1036188,19950729,19980729,0
0000318996,20121024,20151024,1
1492426,20050818,20080818,0
0000804888,20000901,20030901,1
59527,20040613,20070613,0
1571329,20140129,20170129,0
1006030,19990924,20020924,0
39273,20050415,20080415,0
1047919,20041105,20071105,0
805012,20111110,20141110,0
776008,20120523,20150523,0
897421,19990321,20020321,0
860731,19961219,19991219,0
1085706,19960315,19990315,0
0000225569,19970702,20000702,1
0001330340,20050217,20080217,1
793074,20050330,20080330,0
910108,20020508,20050508,0
65172,20080223,20110223,0
1502012,19970205,20000205,0
1548309,19951228,19981228,0
0001162721,20030403,20060403,1
1202806,20090530,20120530,0
278041,20010207,20040207,0
855658,20090425,20120425,0
821995,19990815,20020815,0
717806,20070824,20100824,0
813621,20060203,20090203,0
1048911,19990724,20020724,0
817135,20050310,20080310,0
1301508,20070328,20100328,0
1091735,20130511,20160511,0
1325702,19981202,20011202,0
1326428,19990709,20020709,0
773840,20131129,20161129,0
0000320654,19900722,19930722,1
1129155,19951201,19981201,0
900075,20041229,20071229,0
1289419,19970222,20000222,0
1478484,20070826,20100826,0
0001085661,20041231,20071231,1
91440,20000512,20030512,0
1175505,19960714,19990714,0
1412095,20041107,20071107,0
1301280,20050406,20080406,0
879361,20050303,20080303,0
1169055,20050707,20080707,0
792641,20000624,20030624,0
1071598,19970319,20000319,0
1530721,20100407,20130407,0
1381325,20121115,20151115,0
0000716180,19910203,19940203,1
0001210936,20020419,20050419,1
886163,19980307,20010307,0
1387467,20121115,20151115,0
1509432,19981010,20011010,0
929987,20010908,20040908,0
1492832,19980221,20010221,0
1077771,20050415,20080415,0
0000015678,19981231,20011231,1
899460,20010506,20040506,0
65195,20021015,20051015,0
1285224,20130821,20160821,0
1386858,20160413,20190413,0
1380393,19990904,20020904,0
1386198,20050922,20080922,0
103884,19960110,19990110,0
1568669,19940113,19970113,0
0001110794,19981127,20011127,1
1283140,20041201,20071201,0
844172,19971002,20001002,0
736772,20020130,20050130,0
0000814580,20021229,20051229,1
61986,20041107,20071107,0
1331931,20160217,20190217,0
1169770,19980220,20010220,0
97517,20050402,20080402,0
201461,20050302,20080302,0
704415,20030123,20060123,0
1019849,19990905,20020905,0
0001161924,20060430,20090430,1
1493491,19980730,20010730,0
932628,20050505,20080505,0
1313024,20050402,20080402,0
0001452384,20070211,20100211,1
1023860,19970718,20000718,0
1408146,20050217,20080217,0
8063,20050310,20080310,0
874710,19980903,20010903,0
0000920279,19991015,20021015,1
1264383,20050327,20080327,0
793421,20160121,20190121,0
1275617,20060408,20090408,0
0000353646,19960719,19990719,1
1076914,19970814,20000814,0
935494,20060511,20090511,0
1396167,19980213,20010213,0
1059324,20071004,20101004,0
1533924,20160320,20190320,0
0001020620,19970928,20000928,1
815556,20120727,20150727,0
804055,19980220,20010220,0
929940,19870606,19900606,0
91928,20080223,20110223,0
934936,20031119,20061119,0
1434842,20090729,20120729,0
1195738,20060315,20090315,0
1086909,20110809,20140809,0
1294178,20031114,20061114,0
0001421182,20120126,20150126,1
45012,19980308,20010308,0
1376321,20031126,20061126,0
0000858655; 0000909698,20000329,20030329,1
1137390,20100305,20130305,0
0000032272,20010908,20040908,1
0001016694,19960203,19990203,1
1379661,20050617,20080617,0
1034670,19920924,19950924,0
0001082484,20050405,20080405,1
1544116,19940505,19970505,0
1282631,20050310,20080310,0
1433270,19990502,20020502,0
1138812,20060115,20090115,0
946581,20050810,20080810,0
1421561,20110504,20140504,0
1007019,19980417,20010417,0
1177212,19931105,19961105,0
727207,20020220,20050220,0
875582,20160209,20190209,0
811831,19981212,20011212,0
701811,19971120,20001120,0
707388,19981011,20011011,0
822416,19970418,20000418,0
1351541,19950622,19980622,0
0000104599,20041110,20071110,1
911638,19970806,20000806,0
0000849979,19990519,20020519,1
1159039,19980805,20010805,0
1499961,20150430,20180430,0
716643,20030816,20060816,0
1487798,19990502,20020502,0
1521332,19971005,20001005,0
1324245,20160330,20190330,0
1389611,19991015,20021015,0
771497,20051014,20081014,0
41091,20010908,20040908,0
1534675,19971114,20001114,0
0001060990,20110317,20140317,1
96536,20051101,20081101,0
1059131,19970918,20000918,0
1024795,20071007,20101007,0
0000110740,19990502,20020502,1
0000027613,20071003,20101003,1
1411579,19910516,19940516,0
883569,20000914,20030914,0
0000053453,20050331,20080331,1
1317630,20140129,20170129,0
865911,20131129,20161129,0
0001561551,20140129,20170129,1
0001456212,20160313,20190313,1
30305,20120916,20150916,0
820736,20060514,20090514,0
0000831115,20010615,20040615,1
0001232229,20040708,20070708,1
1326583,20041112,20071112,0
918580,19990321,20020321,0
1584952,20031227,20061227,0
1131554,19990320,20020320,0
909112,20030508,20060508,0
1382911,20090927,20120927,0
1099290,20050219,20080219,0
1137411,19990914,20020914,0
0001532750,20120727,20150727,1
1021604,20130131,20160131,0
0001321544,20050428,20080428,1
1082506,19990120,20020120,0
891166,20070826,20100826,0
708818,20160329,20190329,0
1125052,20060429,20090429,0
0001000459,20001129,20031129,1
914398,20130110,20160110,0
1111665,20120413,20150413,0
812191,20050713,20080713,0
1541927,19950729,19980729,0
910329,20110828,20140828,0
1039160,19970814,20000814,0
0001098570,19971011,20001011,1
1371011,19930130,19960130,0
1515673,19991031,20021031,0
275053,20030427,20060427,0
0000847931,19941210,19971210,1
1412109,20050709,20080709,0
1168652,20080514,20110514,0
1165216,20060923,20090923,0
949428,19960202,19990202,0
1095651,19990514,20020514,0
866121,19980625,20010625,0
0000909727,19920209,19950209,1
0001015979,20111103,20141103,1
1364885,20000319,20030319,0
1474098,20050110,20080110,0
0001207070,20041112,20071112,1
0001322439,20100806,20130806,1
0000904020,20011107,20041107,1
1431676,19970808,20000808,0
1401257,20050803,20080803,0
1064863,20100311,20130311,0
0001304366,20060528,20090528,1
94344,20120916,20150916,0
1156388,20040708,20070708,0
858800,19990815,20020815,0
0000868075,20000324,20030324,1
1551949,19951201,19981201,0
102756,20000201,20030201,0
1575051,19980205,20010205,0
1043325,20120126,20150126,0
0001440300,20050501,20080501,1
835664,20061007,20091007,0
1465885,20101012,20131012,0
1278382,20050112,20080112,0
1256536,19940719,19970719,0
1437260,20091003,20121003,0
1168786,20050415,20080415,0
1289592,20050302,20080302,0
1158172,19970801,20000801,0
1457543,20110806,20140806,0
0000716823,20050310,20080310,1
1032462,19960203,19990203,0
37785,19980308,20010308,0
836102,20000514,20030514,0
0000721176,19970430,20000430,1
1318605,19990708,20020708,0
846617,20060819,20090819,0
1353487,20070520,20100520,0
809933,20060511,20090511,0
0001087831,19980912,20010912,1
0000817785,20041013,20071013,1
897075,20090128,20120128,0
14195,20070824,20100824,0
0001002178,20000803,20030803,1
52795,19960405,19990405,0
798354,20090723,20120723,0
1286613,20100313,20130313,0
1313918,19940505,19970505,0
1023128,20101110,20131110,0
0000792094,20121014,20151014,1
1562594,20090702,20120702,0
904979,20031207,20061207,0
827187,20101205,20131205,0
921051,20090927,20120927,0
791449,20030425,20060425,0
1571088,20020508,20050508,0
1001604,20110204,20140204,0
0000701974,19970720,20000720,1
0000354761,19970427,20000427,1
1268984,20050713,20080713,0
1391636,20050915,20080915,0
0000708819,20160121,20190121,1
1304740,20071129,20101129,0
0001259550,20110623,20140623,1
276242,20140402,20170402,0
77476,20030123,20060123,0
799167,20061117,20091117,0
1379246,19971002,20001002,0
1525221,20160217,20190217,0
1182129,19970501,20000501,0
0000913364,19971018,20001018,1
885508,20111015,20141015,0
1347218,19981011,20011011,0
1275902,20030427,20060427,0
0000820408,20020823,20050823,1
1394159,20040424,20070424,0
1096199,20121115,20151115,0
832327,20000202,20030202,0
1490165,20040424,20070424,0
894315,20120112,20150112,0
864268,19950907,19980907,0
0001122860,20101023,20131023,1
1471261,20120504,20150504,0
0001029284; 0000910655,20031130,20061130,1
0000832320; 0001026506,19970815,20000815,1
0001424640,20120112,20150112,1
1176309,20031227,20061227,0
0001179011,20071018,20101018,1
1477598,20081016,20111016,0
1163792,19931130,19961130,0
30419,19970716,20000716,0
1518222,19961108,19991108,0
823094,20041001,20071001,0
930828,20050505,20080505,0
0001178336,20090702,20120702,1
1434804,20120916,20150916,0
0000030908,19990407,20020407,1
0001082292,19990131,20020131,1
0001087734,20130816,20160816,1
1268533,20100321,20130321,0
0000006201,20071129,20101129,1
0001554875,20140710,20170710,1
1511737,20060916,20090916,0
0000821536,20070516,20100516,1
739708,20130821,20160821,0
1178670,19961213,19991213,0
912093,20090909,20120909,0
0001163332,20100313,20130313,1
0001087243,19990815,20020815,1
0000009779,20050318,20080318,1
850141,19990304,20020304,0
816956,20050531,20080531,0
1392363,20050511,20080511,0
912595,19990219,20020219,0
28630,20081214,20111214,0
806085,20051025,20081025,0
1396502,19900721,19930721,0
1088856,20150415,20180415,0
854860,20070328,20100328,0
0001123648,20040923,20070923,1
1320002,20051028,20081028,0
0000869495,19990219,20020219,1
763563,20040515,20070515,0
1289850,19981018,20011018,0
1353970,19981118,20011118,0
355811,19980625,20010625,0
1390195,19950212,19980212,0
910606,20050721,20080721,0
19411,19980114,20010114,0
704532,20120401,20150401,0
0001074908,19971120,20001120,1
1480999,19980625,20010625,0
1410838,20130816,20160816,0
33619,19940226,19970226,0
1200375,19950810,19980810,0
729217,19981201,20011201,0
96223,20050212,20080212,0
0000908613,19930917,19960917,1
883618,20110104,20140104,0
1232400,20100407,20130407,0
0000203200,19991017,20021017,1
1357326,19960915,19990915,0
0001070289,20041001,20071001,1
1108205,20150415,20180415,0
0000818074,20030425,20060425,1
0001056087,20160213,20190213,1
0001374835,20051014,20081014,1
1276827,20040923,20070923,0
788784,19990905,20020905,0
0000918577,19991023,20021023,1
0001044435,20130322,20160322,1
798287,20070520,20100520,0
64670,20061108,20091108,0
1173514,20050330,20080330,0
1222929,19980730,20010730,0
1424847,20050613,20080613,0
831967,20010207,20040207,0
40704,19970501,20000501,0
854709,19990724,20020724,0
101473,19960405,19990405,0
1267902,20060430,20090430,0
845611,19981114,20011114,0
0000879813,20020508,20050508,1
0000921960,19990502,20020502,1
1169561,20130130,20160130,0
1045450,19990310,20020310,0
879796,20130409,20160409,0
1014672,20060820,20090820,0
0000800181,19981127,20011127,1
36995,20100924,20130924,0
1089094,20020329,20050329,0
0001014052; 0001016380,20090530,20120530,1
1373707,20040221,20070221,0
1535929,20020303,20050303,0
102212,19900817,19930817,0
1585364,20150129,20180129,0
72911,20131112,20161112,0
34903,19970222,20000222,0
0001377720,20080223,20110223,1
1054102,19990724,20020724,0
865415,19980213,20010213,0
1289868,20120516,20150516,0
1125920,20111110,20141110,0
350852,19990715,20020715,0
1530950,20020202,20050202,0
1034054,20140816,20170816,0
808219,20051106,20081106,0
1230869,19980729,20010729,0
1049549,19970501,20000501,0
1434589,20130830,20160830,0
835887,19990321,20020321,0
0001076770,20071004,20101004,1
0000011821,19920924,19950924,1
854711,19960310,19990310,0
832488,20070410,20100410,0
759828,19980301,20010301,0
1467760,19911030,19941030,0
31667,20030112,20060112,0
824142,20120208,20150208,0
878929,20001214,20031214,0
873538,20081016,20111016,0
1173204,19960110,19990110,0
1465740,20141015,20171015,0
0001092233,19990404,20020404,1
890465,20041118,20071118,0
1195933,20130130,20160130,0
1042521,20140402,20170402,0
1041514,20091031,20121031,0
1107843,20060528,20090528,0
0001009908,20100917,20130917,1
1026114,20020707,20050707,0
1077428,19970713,20000713,0
854271,20041118,20071118,0
0001316826,20031218,20061218,1
1304069,20070215,20100215,0
1517228,19981113,20011113,0
1350381,20040902,20070902,0
353943,20040303,20070303,0
1489136,19990629,20020629,0
1524769,20070128,20100128,0
1322435,20071212,20101212,0
910638,20110828,20140828,0
895651,20100711,20130711,0
0001000577,19980225,20010225,1
1077814,20040915,20070915,0
911177,19981231,20011231,0
1339048,20000930,20030930,0
99302,20140810,20170810,0
1549966,20061108,20091108,0
0001109153,20120115,20150115,1
0001075773,20090507,20120507,1
1168195,20080803,20110803,0
36146,20120122,20150122,0
1520048,20071129,20101129,0
0000030419; 0001556739,20120516,20150516,1
1076405,19980224,20010224,0
1093649,20090507,20120507,0
1513363,20040810,20070810,0
1114483,20130920,20160920,0
31235,20010926,20040926,0
1401700,20000803,20030803,0
1488139,20050130,20080130,0
713425,20060924,20090924,0
1288946,19980212,20010212,0
0001092536,19990610,20020610,1
0001369919; 0001416712,20070824,20100824,1
33213,20080415,20110415,0
896264,19930130,19960130,0
1304623,19980114,20010114,0
1561743,20000117,20030117,0
0000080968,19950729,19980729,1
40987,19970717,20000717,0
1057877,20050330,20080330,0
56701,19981031,20011031,0
1340122,20120208,20150208,0
844790,20051029,20081029,0
0001088787,20131207,20161207,1
1313275,19980323,20010323,0
879635,20120516,20150516,0
276209,19970702,20000702,0
1074902,20050616,20080616,0
1395627,20050819,20080819,0
718332,20080316,20110316,0
1013880,20040723,20070723,0
1126234,20000512,20030512,0
1011509,20100711,20130711,0
0001201251,20060709,20090709,1
1466292,19971116,20001116,0
0001315028; 0001062781,20130206,20160206,1
0001081015,19981114,20011114,1
880266,19981127,20011127,0
0000319037,19940505,19970505,1
91388,20050327,20080327,0
1043186,19970302,20000302,0
884731,20160301,20190301,0
1323653,19940202,19970202,0
1358190,19960831,19990831,0
0000895716; 0001326299,20040326,20070326,1
1534701,20000930,20030930,0
1099941,20000903,20030903,0
98246,20080911,20110911,0
922612,19991119,20021119,0
1523733,20160301,20190301,0
316206,20120720,20150720,0
1413898,20101110,20131110,0
0000946323,19970813,20000813,1
1085280,19940401,19970401,0
1392577,19970801,20000801,0
1412100,19950907,19980907,0
0000943894,20070930,20100930,1
1520566,20040221,20070221,0
1237831,20060820,20090820,0
105319,20000319,20030319,0
101829,19990320,20020320,0
1375063,20040303,20070303,0
828803,19930114,19960114,0
1140657,20050601,20080601,0
0001036260,19970723,20000723,1
1167294,19930114,19960114,0
0000857475,19891219,19921219,1
0000818682,20041107,20071107,1
0001021706,19970205,20000205,1
888491,20130116,20160116,0
0001324915,20070708,20100708,1
0001004980,20150129,20180129,1
1276187,19981113,20011113,0
946486,20101229,20131229,0
0001737706; 0001456471; 0001351413,20130912,20160912,1
796343,20041107,20071107,0
1385544,19980225,20010225,0
703970,19960203,19990203,0
0001074436,20041204,20071204,1
1094019,20130122,20160122,0
1080866,20070808,20100808,0
0001059838,19970329,20000329,1
0000923473,20061129,20091129,1
1101680,19930114,19960114,0
0001003504,19940406,19970406,1
1422892,20050327,20080327,0
354950,19960405,19990405,0
350750,19971005,20001005,0
1124140,19970703,20000703,0
0001026486,19970313,20000313,1
1171825,19960110,19990110,0
1212458,20051110,20081110,0
885550,20010701,20040701,0
0001351197,20041201,20071201,1
38079,19971220,20001220,0
1292426,20131117,20161117,0
277948,19940202,19970202,0
1474042,20131013,20161013,0
1084961,19931006,19961006,0
0001031176,19960127,19990127,1
1506492,19960310,19990310,0
1080720,19941227,19971227,0
45876,19990619,20020619,0
0000731625,19940316,19970316,1
749647,20060203,20090203,0
92103,19990310,20020310,0
318833,19990629,20020629,0
719164,20080803,20110803,0
917273,19960831,19990831,0
864683,19970111,20000111,0
1066575,20160510,20190510,0
1254370,20130606,20160606,0
0001111335,20050528,20080528,1
1107694,19931006,19961006,0
0000883697,20070408,20100408,1
792987,20080119,20110119,0
911421,20131211,20161211,0
1407190,20000202,20030202,0
0000910562,19951220,19981220,1
942126,20010914,20040914,0
0000844985,20110828,20140828,1
854701,19981216,20011216,0
0000820600,20160310,20190310,1
1105360,20040314,20070314,0
1130258,20001129,20031129,0
836690,20090111,20120111,0
1087423,19950622,19980622,0
0000004457,19990620,20020620,1
1060523,19980913,20010913,0
0000949876,20050311,20080311,1
868368,20160415,20190415,0
717238,19981218,20011218,0
1265131,19940123,19970123,0
25895,20041106,20071106,0
882835,19960310,19990310,0
1138412,20000901,20030901,0
0000744962,20070826,20100826,1
1051003,20131129,20161129,0
884152,20090128,20120128,0
1043509,20130130,20160130,0
0000710979; 0001085734,20060923,20090923,1
1477294,19990220,20020220,0
1528811,19990709,20020709,0
1018332,20090927,20120927,0
713002,19970801,20000801,0
1163739,19990601,20020601,0
1273813,20120203,20150203,0
1524472,20060817,20090817,0
1017793,20110809,20140809,0
863015,19970924,20000924,0
350907,19990904,20020904,0
1336339,20110308,20140308,0
1300391,20000324,20030324,0
203596,20141212,20171212,0
1087788,19981202,20011202,0
1302624,20120720,20150720,0
1569134,20040219,20070219,0
1066194,20090208,20120208,0
0001289701,20090627,20120627,1
1412270,19970713,20000713,0
0000820957,19940123,19970123,1
1552890,19961023,19991023,0
1053706,20050416,20080416,0
849667,20050915,20080915,0
1062438,20070328,20100328,0
743988,20080918,20110918,0
7536,20060105,20090105,0
1573097,20070428,20100428,0
1030469,19960720,19990720,0
918251,20120122,20150122,0
1402436,19970417,20000417,0
1342068,20000203,20030203,0
1341439,20050212,20080212,0
804138,20060602,20090602,0
800457,20070708,20100708,0
0000895651,20000624,20030624,1
927628,19990715,20020715,0
350737,20060113,20090113,0
882150,19990610,20020610,0
0001095751,20070428,20100428,1
0001112782; 0000071478,20041003,20071003,1
1509273,20001129,20031129,0
18349,20110930,20140930,0
837173,20060408,20090408,0
1162027,20050224,20080224,0
883670,20030207,20060207,0
1131227,20050212,20080212,0
887596,20031009,20061009,0
1333763,19971010,20001010,0
1521373,20050615,20080615,0
1347613,19950610,19980610,0
90498,19971120,20001120,0
1057706,20050325,20080325,0
0001025953,20120720,20150720,1
1411688,20120127,20150127,0
0001490930,20080911,20110911,1
1170895,20100806,20130806,0
0001023994,20111015,20141015,1
0001396279,20130306,20160306,1
0001102238; 0000827165,20080829,20110829,1
16160,20151215,20181215,0
1296445,20060825,20090825,0
0000791115,20030920,20060920,1
0001526796,20130606,20160606,1
899723,19970111,20000111,0
1358164,20000202,20030202,0
59560,20051025,20081025,0
0000736469,19900721,19930721,1
723612,20080911,20110911,0
1280263,19940316,19970316,0
0001000876,19980724,20010724,1
0000917464; 0001219702,19981008,20011008,1
807708,19981127,20011127,0
1386278,19970111,20000111,0
1086222,19931230,19961230,0
1158114,20130116,20160116,0
1299506,19971120,20001120,0
0001289945; 0000915390; 0000880888,19971206,20001206,1
899715,20031207,20061207,0
1391984,19990225,20020225,0
768262,20151112,20181112,0
1140536,19950212,19980212,0
1010552,20060730,20090730,0
1400897,20040219,20070219,0
0000713492,20050105,20080105,1
1538849,19990905,20020905,0
1379895,20050513,20080513,0
29834,20160209,20190209,0
1144879,20151003,20181003,0
708781,19940505,19970505,0
1262976,19900817,19930817,0
0000855581,20020329,20050329,1
1056696,19960307,19990307,0
1358356,20000514,20030514,0
715957,20050331,20080331,0
1133311,20050713,20080713,0
1284807,19981218,20011218,0
0001070602,19981011,20011011,1
0001143799,20030629,20060629,1
921112,19950420,19980420,0
356028,20041001,20071001,0
1525998,20030629,20060629,0
890898,20140710,20170710,0
1336047,20070328,20100328,0
899758,20070215,20100215,0
1051628,20061228,20091228,0
858803,19910918,19940918,0
0001092657,19970713,20000713,1
855886,20120605,20150605,0
0001092839,20110308,20140308,1
945394,19990627,20020627,0
1033905,19940226,19970226,0
0000354699,20070315,20100315,1
0000351298,20110104,20140104,1
1555365,19990513,20020513,0
750686,20081213,20111213,0
1334814,20011016,20041016,0
1051848,20041003,20071003,0
1260563,19991216,20021216,0
1159297,20000203,20030203,0
1109357,19990815,20020815,0
0000843650,19970417,20000417,1
0001370946,19961005,19991005,1
0000779733; 0001661181,19980925,20010925,1
1040596,20001216,20031216,0
814547,19970302,20000302,0
26076,19990627,20020627,0
46765,20010517,20040517,0
1537435,19900721,19930721,0
1125376,19970319,20000319,0
1158780,20130830,20160830,0
85704,19920712,19950712,0
1563855,20070128,20100128,0
908598,19970716,20000716,0
1041024,20020419,20050419,0
1322979,20070315,20100315,0
0001059623,20000117,20030117,1
1046257,20050105,20080105,0
0001002628,19960922,19990922,1
894237,19940406,19970406,0
914139,20130206,20160206,0
730464,19970718,20000718,0
1562476,19990924,20020924,0
1037540,19960404,19990404,0
1490286,19981213,20011213,0
719739,19980625,20010625,0
80035,20000429,20030429,0
1378950,20020202,20050202,0
1327012,20040515,20070515,0
0000081318; 0001672326,20160415,20190415,1
0001613011,20120518,20150518,1
0000860420,19940202,19970202,1
847411,20061101,20091101,0
716634,19980114,20010114,0
1361983,20041112,20071112,0
76321,20070410,20100410,0
915358,20040810,20070810,0
1178104,20040330,20070330,0
0001160437,20021227,20051227,1
921500,20080803,20110803,0
1504747,20070128,20100128,0
748691,20050105,20080105,0
1111335,20150215,20180215,0
95052,20131211,20161211,0
0001594968,20050413,20080413,1
884909,20100407,20130407,0
879535,19900722,19930722,0
1303942,19910516,19940516,0
0001082193,19970515,20000515,1
0000833203,20071007,20101007,1
0000713138,20000319,20030319,1
835333,20071004,20101004,0
1094392,20050318,20080318,0
1137861,20050709,20080709,0
1019361,19970105,20000105,0
72162,20120112,20150112,0
56047,20140629,20170629,0
1404912,19970702,20000702,0
916530,19980625,20010625,0
277509,20150811,20180811,0
96943,19980225,20010225,0
1518715,20041205,20071205,0
1086142,19990904,20020904,0
1207074,20160121,20190121,0
14930,20040308,20070308,0
1343719,20081106,20111106,0
0001115552,20060108,20090108,1
1478102,20100407,20130407,0
892535,20160217,20190217,0
922621,20150610,20180610,0
1513965,20130912,20160912,0
0001308332; 0001139950,20081106,20111106,1
1310114,20150415,20180415,0
1297704,20070121,20100121,0
1172097,20050330,20080330,0
1052101,20010602,20040602,0
8818,20080214,20110214,0
1297341,19970427,20000427,0
0000910620,20000120,20030120,1
78460,20041003,20071003,0
20740,19980124,20010124,0
0000098222,20130517,20160517,1
1336917,19960811,19990811,0
1013794,19990205,20020205,0
1305507,19931006,19961006,0
867347,19911227,19941227,0
0000895012; 0000899166,20060414,20090414,1
755003,19971113,20001113,0
1213169,20141015,20171015,0
898770,19981202,20011202,0
1462418,19980903,20010903,0
874292,19971116,20001116,0
874716,20060514,20090514,0
912147,20050106,20080106,0
912833,19971220,20001220,0
1315255,19990225,20020225,0
1058234,19990214,20020214,0
1166258,20160320,20190320,0
1287286,20011006,20041006,0
1278027,20050915,20080915,0
1421517,20141022,20171022,0
76605,20110504,20140504,0
719662,19900721,19930721,0
882508,20020823,20050823,0
885734,20090507,20120507,0
1181026,20130116,20160116,0
917251,19990825,20020825,0
868857,20110504,20140504,0
0001402364,20060920,20090920,1
0001330487,20060511,20090511,1
1527709,19981211,20011211,0
0000355701,19960814,19990814,1
12208,20091003,20121003,0
908187,20040810,20070810,0
0001030058,20080330,20110330,1
1489096,20110312,20140312,0
64892,20050617,20080617,0
745308,20020202,20050202,0
94056,20010526,20040526,0
1309108,20050402,20080402,0
1398659,19920209,19950209,0
0001028079,19970302,20000302,1
0001378195,20130920,20160920,1
0001135264,20031009,20061009,1
827809,20071212,20101212,0
1103021,20050513,20080513,0
0001078577,19980417,20010417,1
775368,20040915,20070915,0
0001065910,19980805,20010805,1
0001136294,20020928,20050928,1
1476264,20160330,20190330,0
1579241,20031126,20061126,0
1124198,20060211,20090211,0
0001288946,20051029,20081029,1
1542299,19960315,19990315,0
1504008,19960307,19990307,0
0000032878,20080214,20110214,1
1024623,20060820,20090820,0
929545,20001006,20031006,0
730000,20060722,20090722,0
99197,20150701,20180701,0
1539894,20040819,20070819,0
1517526,19990321,20020321,0
356037,19970921,20000921,0
1051717,20030403,20060403,0
909791,20150430,20180430,0
350797,19981118,20011118,0
901243,20081119,20111119,0
1432150,19940309,19970309,0
0000883701,19970307,20000307,1
1373079,20050505,20080505,0
1375336,19971011,20001011,0
33488,20071003,20101003,0
857361,20081119,20111119,0
1397911,19950201,19980201,0
1447051,20040417,20070417,0
0001084486,20040303,20070303,1
0000912083,19970829,20000829,1
722313,20020928,20050928,0
1021010,20090724,20120724,0
1319572,20080829,20110829,0
94887,19981008,20011008,0
886137,20151024,20181024,0
862510,20030214,20060214,0
0000843297,19970426,20000426,1
805023,20000120,20030120,0
791718,20101205,20131205,0
0001163958,20060702,20090702,1
1354513,20050915,20080915,0
0000869688,20120314,20150314,1
1436304,20111208,20141208,0
722830,19991119,20021119,0
1579471,20130821,20160821,0
1564584,19981004,20011004,0
809708,20040613,20070613,0
933136,19981202,20011202,0
1110783,19940911,19970911,0
916085,19911030,19941030,0
944148,19970921,20000921,0
840715,19960404,19990404,0
703360,20010526,20040526,0
826326,19940318,19970318,0
0000038984,20131117,20161117,1
0001116927,20120523,20150523,1
80424,20080412,20110412,0
1068234,20110826,20140826,0
858558,20070315,20100315,0
0000094945,19940309,19970309,1
1008817,19980628,20010628,0
1587732,20020928,20050928,0
319655,20020329,20050329,0
1003344,20040219,20070219,0
1575360,19940123,19970123,0
0001002131,19961129,19991129,1
912263,20090311,20120311,0
1083269,20090503,20120503,0
0001132645; 0001351379,20050320,20080320,1
1360886,20000610,20030610,0
350199,20071007,20101007,0
0001530804,20050112,20080112,1
847466,19991015,20021015,0
0001650445,20160407,20190407,1
352183,20050316,20080316,0
717605,19970302,20000302,0
